"id","profileName","text","date","title","rating","images","helpful"
"R34SF5GG1YRW8P","FINA Ruiz","Lo uso para andar y hacer algo de ejercicio,para los días que no puedo hacerlo al aire libre. Me gusta porque es ""ligero"" para moverla de un sitio a otro y fácil de plegar,no ocupa tanto espacio como otras cintas. Correcto","Revisado en España el 21 de enero de 2023","Práctico para mantenerse en forma",4,"",0
"R7DYY1CZX7256","Patricia","Es ligera y fácilmente movible y transportable, aunque el sistema de plegado, teniendo que atornillar una rosca arriba y abajo cada vez que se abre y se cierra, resulta un poco tedioso.Me gusta que la superficie de carrera sea ancha, porque te da más seguridad y estabilidad.Yo la quería solamente para andar, no para correr a grandes velocidades y cumple a la perfección su misión, por un precio muy asequible.Totalmente recomendable.","Revisado en España el 16 de diciembre de 2022","Relación Calidad-Precio buena",4,"",1
"RZ190IQWOOLOX","LUCAS GOMEZ SANCHEZ","El transporte no tiene cuidado y te rompe los embellecedores de las esquinas","Revisado en España el 10 de enero de 2023","Funciona bien, pero el transporte ha roto dos embellecedores",4,"",1
"RA0AHHPX7NP7G","Monica","Malisima experiencia. Pedí una que no me llegó. Me enviaron otra ¡Claramente usada y encima rota!!! La devolvi y me enviaron una tercera (que por cierto tuve muchos problemas para devolverla)Opino sobre la nueva y aparentemente correcta. Es bastante grande. Para plegarla hay que poner un tornillo que es lo de menos pero incluso plegada ocupa ¡Muchísimo!! Nada de poder guardarla ""detrás de algo"". Pero realmente lo peor es el ruido, madre mía. No sé hasta qué punto es normal el ruido que hace, me tengo que poner los auriculares porque es insoportable. Pero de verdad que no me apetece devolverla una tercera vez aunque realmente como digo, no es ni medio normal es ruido que mete, aunque la engrase, es que no me lo explicoYo quería algo sencillo para caminar en casa ahora en invierno y de verdad que menudo chasco, ya ni me apetece usarla","Revisado en España el 22 de enero de 2023","Menudo chasco",2,"",0
"R3REK6MC5AP9AV","S","Es una cinta simple. No estoy muy contenta con ella ya que en mi caso no cumple con lo que se indica en cuanto a la inclinación de la misma. La máxima inclinación en el caso de la mia es de 3° cuando en el manual se indican 7°. He intentado contactar con la marca pero es imposible. No contestan y hacer la devolución con Amazon me ha resultado bastante complicado debido a las dimensiones de la cinta por lo que he optado por quedármela finalmente. Pero no estoy muy contenta con ella. Por el resto de momento funciona bien.","Revisado en España el 20 de septiembre de 2022","No cumple con lo que se indica",3,"","2"
"R3KE5SOAN8JTT8","Cris","Antes de hablar de la cinta, hablar de la agencia TRANSAHER, le dejó a mi madre una mujer de casi 80 años la caja abajo en el portal cerca del ascensor, él llevaba carretilla, ni siquiera le metió la cinta en el ascensor. Mi padre tuvo que bajar y entre mi madre y él meterla en el ascensor y luego subirla y arrastrarla hasta casa. LO PEOR LA AGENCIA, la cinta por ahora (poco la hemos probado aún), genial.Es una cinta como he dicho para mis padres, les ha gustado bastante, la han probado y empieza a una velocidad muy bajita, me gusta que pueden controlar apagado y encendido con la mano izquierda en el agarrador y con la mano derecha subir o bajar velocidad, sin necesidad de soltar el manillar para ir al panel de control cosa que para personas mayores está genial. Tiene tres posiciones de inclinación también genial pues  para ellos mejor sin inclinación, los altavoces no se escuchan bien. Lo que no nos ha gustado es la tuerca grande que viene que hay que enroscar y desenroscar para poder plegarla, para ellos es algo incómodo sobretodo para mi madre que lleva prótesis de rodilla y no se puede agachar. Por ahora es la única pega que le pongo, tendrá que estar mi padre siempre para desplegársela cuando quiera usarla ya que no tienen espacio para tenerla abierta.","Revisado en España el 26 de enero de 2021","GENIAL",5,"",1
"RFLCPQ105WB1K","Cliente Amazon","Cuándo la haya utilizado un tiempo daré una opinión mucho más realista,en principio da muy buena impresión .","Revisado en España el 23 de julio de 2022","La relación precio calidad",4,"",1
"RQ7RLFXEEJNP1","francisco8861","Bueno para ejercitarse, pero a mi solo me duro un año y dos meses, gracias a que lo compre en Amazon ellos se hicieron cargo y me lo cambiaron por uno nuevo ya que la casa no respondia a mis mensages, agradecido a Amazon.","Revisado en España el 28 de julio de 2022","Bueno para ejercitarse.",3,"",1
"R326LEGPP5G78","Xavi Alert","Poc soroll de motor, poc soroll de la banda, soroll de l'estructura en caminar. Els caragols principals de fixació de la base amb la part d'avantera s'afluixen i els has d'anar caragolant de tant en tant, sembla un error de disseny. La part electrònica és bàsica, però compleix correctament, els altaveus no són d'alta fidelitat, però permeten escoltar la ràdio o qualsevol dispositiu correctament. Content, tenint en compte el preu que vaig pagar, la tornaria a comprar.","Revisado en España el 12 de enero de 2022","Compleix amb l'esperat, tot es correcte. Bona compra.",4,"https://m.media-amazon.com/images/I/51pMy0Ev35L.jpg",1
"RR6QPASDD3WVQ","Cliente Amazon","No le he dado 5 estrellas porque cada vez que la abres y la cierras tienes que poner y quitar un tornillo, que es el estabilizador. Por lo demás, va muy bien","Revisado en España el 4 de abril de 2022","EN GENERAL MUY BIEN",4,"",0
"R38X751ZBPVZDW","Esguilu","ME sorprendió positivamente la cinta, ya que pensé que sería más corta y estrecha. Resulta muy cómoda de usar. Va genial para caminar a diferentes velocidades, y para hacer un trote ligero. Obviamente, pierde estabilidad si quieres correr, no es una máquina para eso. El mayor pero es que vino aparentemente usada. Le falta algún tipo de rosca o tapa en el frontal, y la cinta traía una mancha enorme que costó limpiar. Deberían mirar estos detalles, pues si bien no es de las más caras, pagamos por ella un buen dinero, y lo mínimo es que venga impecable. Pero, por ahora cumple su función.","Revisado en España el 15 de mayo de 2021","Cómoda, pero sucia",4,"https://images-na.ssl-images-amazon.com/images/I/81R6nbhjKXL.jpg
https://images-na.ssl-images-amazon.com/images/I/918+L910WpL.jpg","2"
"R3TZS1L4BTT41W","Carlos","Hasta ahora todo va bien….","Revisado en España el 28 de mayo de 2022","Muy manejable y fácil de usar",4,"",0
"R1UZ1XFCQ1N6IQ","amozonita","El panel rayado , faltaban plásticos de protección , el color no es lo q pedí , se veía q ya avía sido devuelta , y claro aun así l arme , y cuál fue la sorpresa q nada más enchufarla salta la luz , está defectuosa. , Por lo menos Amazon se hace cargo de todo el cambio , pero no me parece correcto q la tienda envié un producto q se ve q ya fue devuelto alguna vez. Me la enviado una segunda vez parece q bien , está funciona bien aunque me la.vomvierin a enviar del color q no pedi , pero bueno , también hay q decir q para lo que vale es demasiado básica hasta la inclinación. O es automática si no con las patas de atrás .","Revisado en España el 1 de septiembre de 2021","Cara para lo básica q es",3,"https://m.media-amazon.com/images/I/C16usUbefRS.jpg","2"
"RHN4T7BD3Z0GE","Juan","La cinta cumple con su cometido pero nos enviaron una cinta usada, por lo demás aguanta de momento bien, ideal para poder caminar y trotar :  con un peso d 84 kg, en el trote aguanta bastante firme  sin desplazarse ( recordar poner la seguridad magnética para su funcionamiento)_* El sonido de los altavoces es pésimo, utilitzar auriculares o los vuestros propios.Lo que no  gusto que vino usada y mas cuando la pagas como nueva, viene con  marcas, rayadas, y marcada en los botones, adjunto fotos, se debería de tener consideración","Revisado en España el 31 de marzo de 2021","cumple su cometido pero vino usada, pero funciona",4,"https://images-na.ssl-images-amazon.com/images/I/815Op+ku1tL.jpg
https://images-na.ssl-images-amazon.com/images/I/81T3rx5hPRL.jpg
https://images-na.ssl-images-amazon.com/images/I/81T5JU4rQvL.jpg
https://images-na.ssl-images-amazon.com/images/I/81TUu5dI3nL.jpg
https://images-na.ssl-images-amazon.com/images/I/81m9aoCFrSL.jpg
https://images-na.ssl-images-amazon.com/images/I/91J4SVnmwFL.jpg","11"
"R12CMYQB6045F","Heather","Estoy contenta con esta cinta. Por el momento, dejo 4 estrellas, ya que lo tengo hace poco, pero la relación-calidad precio está muy bien. Suelo usarle durante 30 a 40 minutos por sesión y estoy contenta con ella. Lo más rápido que vas, más ruido hace, que es lógico. Por si molesto a los vecinos abajo, pongo un par de mantas sobre la alfombra del salón y después, la máquina encima, para amortiguar cualquier vibración cuando estoy corriendo. Se puede ver la TV mientras perfectamente, sin tener que tener el volúmen a tope. Se pliega bastante bien. Si quieres ponerlo tras una puerta, hay que tener en cuenta los brazos que sobresalen, pero la plataforma en si se pliega plano. Hay que plegar manualmente. Es decir, hay que desenroscar y quitar la pieza que mantiene la plataforma en su sitio, subir la plataforma y sujetarlo con otra pieza que está en la barra lateral arriba. No es complicado. Buena opción de maquína para hacer ejercicio en casa. Compra recomendada.","Revisado en España el 28 de octubre de 2019","Buena opción de compra",4,"","24"
"R4RKJ891ZKAFZ","Máriel","Para hacer ejercicio en casa está bien. El montaje, plegado y funcionamiento sencillo. Lo que no lleva es la inclinación como dice en la descripción... Y si la lleva yo no la he encontrado...","Revisado en España el 5 de diciembre de 2021","Por ahora es bien.",4,"",1
"R25NKWUO366MIX","Jose Manuel","Me ha gustado la facilidad de manejo.No me ha gustado la medicion del pulso, varía mucho según se coloquen las manos.La he usado solo para caminar.","Revisado en España el 13 de diciembre de 2021","Facilidad de uso",4,"",0
"R2S4QJQM5SUXKN","Tania","Es muy fácil de montar y fácil de plegar, llevo un mes y medio usándola y por ahora todo bien, el único problema es, que cuando subes de velocidad para correr, la cinta se va escurriendo hacia atrás de las vibraciones, pero lo soluciones con una alfombra antideslizante, para uso profesional no es, pero para uso doméstico cumple bastante","Revisado en España el 8 de mayo de 2021","Satisfecha",4,"",0
"R2SBVFAYRW5S2O","I.Ch.","LO que me ha gustado, la propia cinta. Ilusión  como lis niños, cuando les llega el regalo de Cumpleaños. Y es que  la historia es.. Cuando menos roncabolesca, no la voy a contar aqui, pero que sepan que L as cosas no se pueden hacer así de mal.","Revisado en España el 30 de mayo de 2021","La sinceridad comercial. Lo demás perjudica.",4,"",0
"R2P0YHSBUURH0S","Cliente Amazon","Es perfecta para el uso que queríamos darle,.La usamos sobre todo para andar incluso una velocidad bastante  elevada 6 KM/H. sin que pierda estabiliadd y no hace apenas ruido ( el propio del motor), es plegable y ocupa poco espacio,Pasada una hora en funcionamiento se para automaticamente aunque puedes continuar de nuevo sin problemas y no se calienta en absoluto.En carrera no la he probado.Es estable, y tiene una anchura adecuada para el hogar.  se puede modificar la inclinación de la cinta de manera manual modificando las patas con unos pasadores que lleva.Buena compra, estamos muy contentos","Revisado en España el 18 de febrero de 2021","Cinta de andar - Correr para el hogar  ideal",5,"",0
"R112ACGXB214OV","Miguel Lagoa Gonzalez","Me gusta en general, sonido de altavoces mal","Revisado en España el 22 de diciembre de 2021","Va todo perfecto salvo los altavoces, por muy poco más podía haber sido escepcional",4,"",0
"R2UWYHNER7W1NU","Luisi","No solo me llegó en bastante mal estado, venía zonas pegadas, rotas, mal atornilladas y reventados, la cinta completamente descontrolada, y se salía para los laterales, mal encajados los tubos etc.. contacto para devolución y nada de caso en absoluto. No recomiendo","Revisado en España el 10 de enero de 2023","Horro",1,"",1
"R22W9G4YX8JS54","José Manuel","Buena calidad precio","Revisado en España el 19 de diciembre de 2021","Recomendable",4,"",0
"R38VX3KNVS9CVC","Sandra"," Ha llegado perfectamente embalada y montarla ha llevado escasos 10-15 minutos. La he probado y pinta muy bien. Única pega es que para plegarla hay que desatornillar el tornillo de seguridad. Me ha gustado bastante y es mi primera cinta","Revisado en España el 24 de febrero de 2022","Sorpresa muy grata. Me encanta",5,"https://m.media-amazon.com/images/I/717L5nycdxL.jpg
https://m.media-amazon.com/images/I/71NN3l7lagL.jpg
https://m.media-amazon.com/images/I/71jq-lnwNWL.jpg","2"
"R3DJKGOIMVSBIO","oscar jose","Es sencilla","Revisado en España el 8 de diciembre de 2021","No está mal, para iniciar.",4,"",0
"R2H02QHOA36YTQ","Vte Manzana","Se está utilizado como andador, aunque dispone de 12 programas preestablecidos.Aunque es muy aparatoso, es muy sencillo su montaje y una vez plegado ocupa medio metro cuadrado (1x0.5). El nivel sonoro como andador es mínimo, apenas se oye.El panel no tiene grandes complicaciones para su manejo. Lástima que no almacene (y pueda exportar) la información. Puede medir pulsaciones, Kcal., permite variar la velocidad sin saltos bruscos, así como elegir tiempo o distancia para el ejercicio.Comentar que en todas las informaciones se indican 1500 w, mientras el manual habla de 1,5 HP, por lo que no llegaría a los 1200 w.","Revisado en España el 19 de diciembre de 2020","Manejo sencillo.",5,"https://images-na.ssl-images-amazon.com/images/I/81IpiuJ1QoL.jpg","24"
"R3E07O2LVDQPPA","nuria","No está mal para elmprecio q tiene. Hace un poco de ruido pero está bien. Peso 93 kilos y va muy bien. A más velocidad más ruido y se mueve más el panel con el movimiento. Pero estamos contentos.","Revisado en España el 27 de abril de 2021","Bien",4,"",0
"R2MFKL6H8BGRMS","Paco","Hola, pues la verdad que Calidad precio me ha gustado mucho, la compre hace un mes aprox para mi mujer como andadora y que corriera en plan básico y la estamos utilizando los dos, aunque si es verdad que se ve muy básica, pero es Justo lo que buscaba","Revisado en España el 6 de enero de 2021","Básica Calidad precio me a gustado",4,"",0
"R2PYZ85IWKH3AP","Manuel","Para andar es totalmente recomendable y muy estable y confortable, dispone de programas y para el precio que tiene esta muy bien. No hace apenas ruido y el motor va muy bien, mi peso 77 kg y 1,82 de altura. Ahora para correr no sé hasta donde daria de si la maquina, yo no he probado porque solo la quiero para andar así que no puedo evaluarlo. Llegó antes de tiempo y todo muy bien, muy fácil de montar he instalar, además ocupa poco espacio, es pequeña pero fuerte, no es el armatoste de otras más grandes y pesa poco que puedes transportarla sin problema alguno.","Revisado en España el 9 de septiembre de 2020","Muy buena calidad, relación precio recomendable 100%",5,"","6"
"R3U42RJDL74QBO","JUAN","muy correcto el envió,  maquina aceptable calidad precio, teniendo como punto de partida el precio es un NOTABLE alto, ideal para ejercitarse en casa, fácil de utilizar, ayuda mucho los botones en la empuñadura, si eres profesional o quieres algo para darle mucha caña, no es tu maquina, si deseas algo para mantenerte en forma es ideal calidad precio.","Revisado en España el 19 de agosto de 2020","calidad precio razonable",4,"","2"
"R39ZQYEJNJXP9M","edu","Buena para andar","Revisado en España el 13 de octubre de 2021","Buen producto",4,"",0
"R1MQRL4OROG8MX","miguel angel","Muy bien, calidad precio yo la uso  para andar y funciona muy bien. Y el montaje muy fácil","Revisado en España el 26 de junio de 2021","Calidad precio muy bien",4,"",0
"R1ZXAVO3MS3NIV","ARB","Llego a tiempo y en perfecto estado. Es fácil de montar, bastante silenciosa (no totalmente), muy versátil, fácil de programar o seleccionar el tipo de ejercicio. Muy buena relación calidad/precio. Muy satisfechos con la compra.","Revisado en España el 9 de enero de 2022","Totalmente adecuada a mis necesidades",5,"",0
"R3W49H0FN68D29","javi","Puedes andar, trotar e incluso correr.Calidad precio es perfecta teniendo en cuenta que es para uso doméstico.","Revisado en España el 13 de abril de 2022","Perfecta para todo tipo de personas.",5,"https://m.media-amazon.com/images/I/51PS3rFJ7sL.jpg
https://m.media-amazon.com/images/I/61lnh8QJ8WL.jpg",0
"R3REK4VBRVQW1U","SUSO","La usamos cada día dos horas y por ahora va muy bien. Ocupa poco y está bien de precio. Como algo negativo pondría que es algo ruidosa pero a mi no me molesta.","Revisado en España el 28 de diciembre de 2021","Funcional",5,"",0
"RZHW93NRO35ZQ","Amalia","La maquina esta bien, pero al enchufarla, se me corta la línea inalámbrica de internet y no puedo ni ver la TV, ni la Tablet, ni el teléfono con internet. Hace interferencias con internet y  no funciona la red wifi inalámbrica.Llamé a Amazon que me trataron muy bien, me dieron el teléfono de la empresa, hablé con el fabricante y se desentienden,  no me hicieron el mínimo caso, la señorita que me atendió, me dijo que no tenían técnicos y después de al parecer consultar, me dijo que era un problema mío y que si no estaba de acuerdo, que la devolviera a Amazon. He probado con más aparatos eléctricos y con ninguno se me corta internet. Es un problema de la cinta y no de mi instalación.Amazon me ha facilitado en todo momento con mucha profesionalidad la puesta en marcha de la devolución, lo cual es de agradecer.No entiendo como la empresa de la cinta, no tiene servicio técnico y que se desentiendan de ese modo.No recomiendo su compra por si alguna vez existe un problema y no pueden solucionarlo.","Revisado en España el 17 de marzo de 2021","Hace interferencias y no se puede conectar la wifi inalambrica",1,"","27"
"RNOPMXZO8O5YP","Cliente Amazon","Por el precio no está nada mal. Tuve que desmontar la tapa del motor porque rozaba la cinta y hacía mucho ruido. Excepto esto, de momento, todo bien. Cumple expectativas.","Revisado en España el 14 de diciembre de 2020","Funciona bien",4,"",0
"R3JLVFHWQDBUIJ","Alejandra Garcia Hernandez","Producto similar a la descripción, no muy pesado, se mueve fácilmente. Sencillo de montar. Útil para hacer ejercicio en casa","Revisado en España el 2 de abril de 2021","Buena relación calidad precio",4,"","2"
"R8WKGSWZDUSM0","Roog","El producto me llegó muy rápido y es bastante fácil de montar, pero no tiene fuerza, la devolví porque me resultó endeble","Revisado en España el 26 de julio de 2021","Endeble",3,"",1
"RCHSI50NPZVOW","Aurora","La cinta está bastante bien. Llevábamos tiempo buscando una cinta (por si nos vuelven a confinar) para poder hacer algo de ejercicio pero no queríamos gastarnos un dineral. En casa la usamos 2 adultos a diario y por ahora va todo bien. No es demasiado ruidosa ni se calienta en exceso. También es cierto q no la usamos para correr, solo andar rápido (6km/h), pero en definitiva me parece una muy buena opción si buscas algo decente y a buen precio.","Revisado en España el 21 de agosto de 2020","Buena relación calidad-precio",5,"","8"
"RDZW7XBK5URQ9","Cliente Amazon","Es un producto que es un poco frágil. Lo he utilizado 8 meses y se me ha descompensado. Les he escrito cuatro veces para que me indiquen a donde puede ir para ajustarlo. NO DAN SEÑALES DE VIDA. IMPRESENTABLES !!!","Revisado en España el 27 de marzo de 2021","No tienen servicio postventa.",3,"","2"
"R31LMVSFHGJ3G6","Miguel Angel Izquierdo","facil de montar y utilizar pero hace algo de ruido","Revisado en España el 14 de marzo de 2022","buena calidad-precio",5,"",0
"R2CG65J77BPDR2","Marta Ballester","La compre hace 2-3 semanas. La prove para ver como funcionaba pero resulta que el altavoz no funciona y la cinta se para a los 7 segundos. Llevo 2 semanas persiguiendo a Amazon y Celeritas para que me recojan el pedido. Me han creado dos etiquetas. Y resulta que han pasado por mi casa pero llevaban una furgoneta pequeña y dos paquetes dentro de ella practicamente igual de altos y de peso pero me pusieron una excusa para mi que tenian mal mi direccion (estaba cortada) cuando si intentaron pasar por mi casa a recogerlo. Y resulta que e contactado muchas veces y me han hecho promesas que luego no han cumplido. PENOSO EL SERVICIO DE RECOGIDA CELERITAS. Un compañero quiso que yo llevara personalmente la cinta que pesa 30kg y ademas de la caja a un punto de recogida.","Revisado en España el 1 de julio de 2021","Pensoso la recogida",1,"",1
"R1XFY78VOT16BT","Veronica","La hemos tenido que devolver porque la cinta estaba usada. El manillar si parecía nuevo, pero el soporte de la cinta venía rajado y se notaba el uso. Amazon como siempre genial en la solución, pero esta cinta no la recomiendo.","Revisado en España el 29 de diciembre de 2021","Usada y con defectos",2,"",0
"R2F8Y9Y94GE145","Cliente Amazon","Esta bien para andar, si empiezas a correr se mueve mucho del sitio y parece que se va a desmontar!!  Le vendria bien unos tacos de goma para agarrar mejor en el suelo, por demás contento!","Revisado en España el 28 de diciembre de 2020","Para andar si para correr no!",3,"",0
"RG19J2CJOQIRU","Cliente Amazon","Es perfecta como cinta para andar,  para correr la veo muy estrecha y corta y es silenciosa me gusta mucho.","Revisado en España el 30 de octubre de 2021","Cumple con lo que dicen de ella.",5,"",0
"R2HEKME8P1PMEK","Fernando","La verdad que la compre y hoy es primer día pero tengo que decir no es ruidosa, se puede escuchar música, hablar por teléfono etc muy bien por ahora solo la probé para andar pero tiene velocidad para correr","Revisado en España el 19 de mayo de 2021","Buena compra",5,"",0
"RT0LYS5UY1KOX","Mar","A pesar de que la primera que mandaron no era nueva,Amazon respondió con todas sus garantías y en menos de tres días tenía una máquina nueva, perfecto funcionamiento,sin rayas y ese olorcito a coche nuevo.Es muy fácil de montar ,solo tienes que seguir las instrucciones.","Revisado en España el 19 de marzo de 2021","Me gusta el rendimiento de la máquina",5,"https://images-na.ssl-images-amazon.com/images/I/91Aq4EHNNkL.jpg
https://images-na.ssl-images-amazon.com/images/I/C1KGO2lZ2kS.jpg","2"
"R30YJBW2Z0LNY5","Carlos ","Lo que me gusto fue el precio y se ve robusta , pero llevo tiempo utilizando la maquina y para andar bien a 5 km a 6 km pero si te pones a correr crujir por todos lados y tenblar, a la hora esta que arde el motor y suelta polvo morado .","Revisado en España el 13 de abril de 2020","Maquina para andar y poco mas",3,"","4"
"R2PRE6MJRR4WUU","eva maria","Ha sido una buena compra , fácil de montar estable no hace ruido mientras veo la tele ni molesta a los vecinos cuando corro . Compare mucho y creo que decidí muy bien. y por supuesto me la subieron a casa y antes de la fecha.","Revisado en España el 18 de enero de 2021","calidad precio",5,"",0
"RAZR6OKVWFVD1","BEATRÍZ","Es muy cómoda, pero se atasca la cinta cuando le pones más velocidad","Revisado en España el 12 de septiembre de 2020","Que sirve para cualquier edad",4,"",0
"R3SL1FYMFLA8IJ","Cliente Amazon","Mi madre está encantada con ella,súper contenta","Revisado en España el 9 de enero de 2022","Perfecta",5,"",0
"R2YBF0HI0XQ5WG","Ainhoa","Todo perfecto. No hace mucho ruido. Y es como se describe. La usamos diariamente y muy bien.","Revisado en España el 10 de octubre de 2021","Todo perfecto. Muy contenta",5,"",0
"R9U1F7Z5CGMOV","Merce ","Es genial para poder seguir una rutina de ejercicio y salud. Dispone de una 12 programas para poder elegir según tus exigencias. Es fácil de montar y plegar y ocupa poco espacio. Con dispositivo de seguridad.","Revisado en España el 13 de abril de 2021","Fácil para mantenerte en forma.",5,"https://images-na.ssl-images-amazon.com/images/I/91RL5CsXcUL.jpg
https://images-na.ssl-images-amazon.com/images/I/A1qiSeFGohL.jpg",1
"R3001TZNL5FC94","emilio bombarelli","Es genial, tenía otra que terminó por dejar de funcionar después de un par de reparaciones, esta es muy superior tiene más fuerza y programas de entrenamiento, estoy muy muy satisfecho","Revisado en España el 23 de abril de 2021","Genial, fuerte, robusta, mucho mejor que otras más caras incluso",5,"",0
"R84V958EC982","astracru","La uso a diario y cumple con mis expectativas puedo hacer ejercicio ahorrando tiempo ya que puedo hacer otras cosas como cocinar.De momento va perfecta no me ha dado ningún problema","Revisado en España el 13 de abril de 2021","Perfecta para caminar en casa",5,"",0
"R1JH3UYOE5COSM","Emilio García  Bermejo","Todo perfecto menos la consola de mandos, viene muy arañada","Revisado en España el 24 de agosto de 2020","Mejorable",4,"",0
"R1VX4NFT400XVV","Para una mesa camilla de 1.40 x 90es suficiente el delongi  5oo wNAME_NOT_RETURNED","Para y para lo que quiero es fantástica asta ahora ningún problema, solo una cosa me gustaria me dijesen como se engrasa y por donde espero respuesta, gracias","Revisado en España el 8 de mayo de 2021","Lo cómoda que es",5,"",0
"R3JHI1U74JN99J","José Luis Sánchez","Relación calidad y precio excelente. La utilizo unos 45 min diarios. A mí no se me calienta .El sensor de frecuencia cardíaca no sirve, marca lo que quiere , pero estoy contento con la compra y el precio","Revisado en España el 20 de diciembre de 2020","Buena compra",5,"",0
"R1GDOD6N7P44EM","JOSELIN","ME HA GUSTADO TODO, YO LA USO PARA ANDAR  YA QUE SOY MAYOR Y ME VA MUY BIEN  LO NORMAL ES QUE LA PONGO A 3,5 KM. HORA, ESO SI PENDIENTE DE LAS PULSACIONES","Revisado en España el 19 de diciembre de 2020","CINTA DE CORRER",5,"",0
"R2Y921XYJ8T3EA","Miguel ","Comprada para personas de setenta años, físicamente bien. Uso diario de media hora o una hora. Están muy contentos, de momento","Revisado en España el 27 de septiembre de 2020","Buena compra. Personas mayores",3,"",0
"R2DAID62N62G8T","vero","Más que suficiente para andarNo tanto para correr nivel proComoda,manejo sencillo y fácil de plegar","Revisado en España el 26 de febrero de 2020","Comoda",4,"",0
"RUJL176TSX2A5","raul gonzalez hernansaz","Esta muy bien para el precio que tiene","Revisado en España el 19 de septiembre de 2021","Funciona bien",5,"",0
"RI5RLE4E82KNT","David","Ha sido una buena compra. Se ajusta a lo yo necesito y es sólida con buenos acabados. Es silenciosa y el tamaño es suficiente para andar y correr (mido 1,85 y calzó un 44). En definitiva es una compra recomendable.","Revisado en España el 24 de agosto de 2020","Recomendable 100x100",5,"","2"
"R3I1ZWM5SW1R8M","Sara Díaz Araez","La máquina en sí es estable, bonita y de fácil montaje. La mala suerte que a mí me ha tocado devolverla ya que el motor venía defectuoso...También en la imgen vienen los brazos de la cinta en color naranja y a mi me venían en color negro enteros, pero eso tampoco fue de tanta importancia","Revisado en España el 15 de diciembre de 2020","Producto defectuoso",2,"",1
"RYHVQ09PG6CYX","Monge","Malísimo producto de hecho lo he devuelto.Poca estabilidad, después de encenderla compruebo que la cinta después de hacer la cuenta atrás pasa de 0,8kms/h a 13kms/h sin opción a dejar fija cualquier velocidad.Tampoco puedo seleccionar ni programa ni modos.Intento contactar con ellos y después de más de una semana que le mande el correo me contestan que la devuelva y que pida otra cuando me dijeron en atención al cliente de ellos que contestaban en un día máximo dos.No lo recomiendo para nada","Revisado en España el 12 de mayo de 2021","Nada recomendable ni producto ni atencion",1,"","2"
"R2571PXDL99LWX","toni","De momento perfecta para andar.","Revisado en España el 22 de febrero de 2020","Calidad precio",4,"",0
"R1KGU2CPHSKS31","Juan Banyul","Es fácil de montar de plegar, yo la compre para una amiga y está muy contenta.","Revisado en España el 25 de febrero de 2021","Ok",5,"",0
"R3RX3AIHQW9OFQ","fernando","Despues de transportarla a un piso ( pesa mas de 30 kilos) montarla (instrucciones nada claras) NO FUNCIONA.Amazon se compromete unicamente a devolverme el dinero, tengo que  volver a desmontar pieza por pieza la dichosa cinta para devolucion, no me ofrece otra alternativa. La compre en Black friday 60€ mas barata. Ahora me tendría que gastar 60€ mas por el mismo modelo o similar. Hablar con la operadora de amazon es como hablar con una pared. Habla como un robot, no entiende que ahora pierdo dinero.  Nunca mas","Revisado en España el 3 de diciembre de 2020","No funciona y fraude de Amazon",1,"","32"
"R2G0P3QCZ5OERP","E. Aurreco","Va muy bien y sencillo manejo","Revisado en España el 19 de abril de 2021","Cumple de sobra",5,"",1
"R2HXEGRZSY8KDH","Daniel","2 años después y funciona muy bien, súper fácil de montar y espero que dure.","Revisado en España el 1 de diciembre de 2020","Muy bien, excelente 2 años después.",5,"",1
"R208FG5EEQPUAJ","Cliente Amazon","No se como, pero una de las ruedas llego destrozada, así como la llave de seguridad llego doblada. No se que trato le dispensaron a la cinta, pero solicito que se me envié no una, sin 2 rudas. Una en sustitución de la machacada y otra por si son de tan mala calidad que también se rompen.","Revisado en España el 12 de abril de 2021","Maltrato del producto",1,"https://images-na.ssl-images-amazon.com/images/I/61LTWjf8nVL.jpg",1
"R2KKSA82EGFCD1","Luis oviedo","Es comoda y facil de usar","Revisado en España el 13 de marzo de 2021","La comodidad",5,"",0
"R3SHHTZ2NY8J4L","Adela. 5","Acabo de recibirlo, ya lo tengo a punto, lo he probado y es exactamente lo que necesito. Me encanta.","Revisado en España el 19 de agosto de 2020","Recibir justo lo que pedí",5,"",0
"R1YIH2611G8QL2","Cliente Amazon","Para ejercitarse. Fácil montaje","Revisado en España el 1 de febrero de 2021","Muy bien",5,"",0
"R3G0AVJNZDRXW","José Sáez Rodríguez","Una vez que la instalo y la pongo a funcionar se para a los 3 o 4 segundos, aunque el cronometro sigue andado como si continuase el ejercicio, alguien sabe porque le puede ocurrir. Gracias. A ver si el fabricante se pone en contacto conmigo y me dice donde podría estar el problema","Revisado en España el 26 de enero de 2021","No me funciona",1,"",0
"RR5G26T0H59GI","José Maria Rial garrido","Es lo que esperaba, mal la entrega por parte de seur","Revisado en España el 17 de enero de 2021","Ok",2,"",0
"R1NQBWCAPRFICR","Joaquín","Cinta de andar/correr más orientada a andar. Pesa poco y es fácil de plegar, ocupando muy poco espacio. En principio se ve bastante bien, con el tiempo iremos viendo.","Revisado en España el 9 de noviembre de 2019","Fácil de plegar y de usar",5,"","4"
"R3KOY81DDM1WU8","Jose Antonio","cumple perfectamente mis espectativas","Revisado en España el 3 de enero de 2021","Llego abtes de lo esperado",5,"",0
"R2QZKD2M71P5R0","Teresa","De momento todo genial, también es pronto lara opinar ya que la he recibido y empezado a usar hoy.","Revisado en España el 10 de febrero de 2020","Buena cinta para ejercitar en casa",5,"",0
"R1O7I4X0G4IU3C","Almudena ","Muy buen producto.Lo hemos estado usando esta primera semana y estamos muy contentos con la compra.Totalmente recomendable","Revisado en España el 31 de enero de 2020","Perfecta para hacer ejercicio en casa",5,"",0
"R28Q59SWBGZH8T","María","No me gustó porq es muy frágil. Le suena hasta la ""pintura ""...se supone que es para correr también pero me da miedo porq se mueve y le suena todo. Camino a velocidad media, no me atrevo a más no sea que se parta esa tabla en la que gira la cinta...😩","Revisado en España el 19 de marzo de 2020","Decepcionada",1,"",1
"R2V42PAVWAP1TQ","maria jose ","De momento muy bien. Me parece buena compra","Revisado en España el 19 de febrero de 2020","Buen artículo",5,"",0
"R1KYD1TBJIXUY","GdeDiego","Muy contenta","Revisado en España el 17 de octubre de 2019","Perfecta para correr o caminar, muy profesional para el precio que tiene!!!",5,"https://images-na.ssl-images-amazon.com/images/I/711sgN2+5hL.jpg","21"
"R3LBL171OJS8F2","Cliente Amazon","Tal y como lo anuncian","Revisado en España el 24 de octubre de 2019","Facil usar",5,"",1
"R29GKDSMJ1EKMM","Esmeralda","Muy cómoda","Revisado en España el 4 de agosto de 2021","Calidad-Precio",5,"",0
"R3509AWKJ9881A","JOSEFINA B.","Llevo casi dos meses con la cinta y muy bien.  El mecanismo es simple, por eso la elegí.  Hace su función. Sólo echo de menos alguna guía más completa sobre el mantenimiento. El montaje, facilísimo.","Revisado en España el 11 de junio de 2021","Muy buena relación calidad precio.",5,"",1
"R38VKO5SMCXDH1","Nort","Es perfecta para andar rapido(6'5kmh) y  tambien para  correr 10kmh,no es ruidosa y se monta en 5 minutos,display correcto, funciona y con la potencia de esta maquina vas sobrado para casa.Espero no tener que cambiar esta opinion pues la tengo desde hace 15 dias, usandola a diario,mire muchas y de momento no me equivoque,su precio es bueno,solo falto un tornillo del manillar pero la empresa me lo mando en unos dias,buena atencion.","Revisado en España el 5 de octubre de 2019","Calidad y precio",5,"","14"