"id","profileName","text","date","title","rating","images","helpful"
"R1O0NPGHCXLE5Y","Cliente anonimus","Hace poco ruido. Para andar es genial y es estable, incluso a velocidades altas 6.5 km. Para correr la e probado y va bien, lo único que hace hace más ruido en el piso "" no la máquina, que es estable"" sino el hecho de correr sobre la cinta, que sería mejor ponerlo en una vivienda particular.Otra cosa que es recomendable, cuando la recibas es bueno repasar todos los tornillos y darle un apretón, por si hay alguno suelto","Revisado en España el 22 de enero de 2023","Buena máquina con un consumo bajo",5,"",0
"R3CYJ4Q8UW4NNB","Naa87","Ocupa poco espacio lo que es bueno, es estrechay bajita, por lo que si eres alto/a se queda un poco pequeña, no obstante para ejercitarte en casa de vez en cuando o una horita al dia esta bien.","Revisado en España el 4 de enero de 2023","Para casa es perfecta",4,"",0
"R3EEDYXKYYCOHJ","TGS 64","Bien para estar activ@","Revisado en España el 29 de diciembre de 2022","Suficiente para iniciarse",4,"",0
"R3NERXBPF5C209","jose emilio nogues moreno","Para andar a diario sin salir de casa","Revisado en España el 24 de diciembre de 2022","perfecta para andar sin complicaciones.",4,"",0
"R2GV2N1RNISRYK","Jesus Arturo Garcia-Flores Cuevas","Es del tamaño necesario para un piso pequeño","Revisado en España el 11 de diciembre de 2022","Es del tamaño que puedo permitirme en mi casa",4,"",0
"R1PPKEILZLAF9S","Cliente Amazon","Manual de instruções não contempla a língua portuguesa e por este facto atribuo apenas 4 estrelas.","Revisado en España el 17 de abril de 2022","Sem Instruções em português",4,"",0
"R37OG8NEDR685M","Eva MR","A mi personalmente me parece una buena compra, en mi caso tengo poco espacio y esta es justo lo que buscaba para guardarla sin que ocupe mucho.Ahora bien, tiene algún punto negativo. La cinta es estrecha en comparación a otras plegables, la velocidad tampoco me parece correcta, por ejemplo, mis padres tienen una de otra marca si la pongo a 5 ya llevo una buena marcha, en esta la tengo que ajustar al 7 para llevar el mismo ritmo.Si lo que buscas es andar a paso ligero esta cinta es para ti, para correr mira otra","Revisado en España el 22 de noviembre de 2021","Esta bien para moverse en casa",3,"","6"
"R2FSZ4VS3ULM6N","Pedro","Viene muy bien embalada y protegida,Montaje muy fácil, con libro de instrucciones en castellano, pero que no es casi necesario para su correcto montaje ya que casi es intuitivo.Nosotros la hemos montado sobre una alfombra para proteger el suelo y de posibles ruidos hacia vecinos y para lo que es esta perfecta (nosotros vamos a andar básicamente nada de correr) y yo soy 100kg .Buen producto, ahora a ver qué material es y como se comporta en el tiempo. Un saludo","Revisado en España el 27 de enero de 2022","Hace su cometido perfectamente",5,"https://m.media-amazon.com/images/I/713trXVZxCL.jpg
https://m.media-amazon.com/images/I/71NRGodkjPL.jpg
https://m.media-amazon.com/images/I/71ZJLlhqSXL.jpg
https://m.media-amazon.com/images/I/71i4utk8rOL.jpg","9"
"R2U8ZRKW7HXUKD","sandra","Es ideal para ejercicio en casa, es de buena calidad, para caminar y correr. Por este peecio esta genial. Se pliega y se guarda bien","Revisado en España el 22 de julio de 2022","Muy practica para casa",5,"",1
"R1LSCV09JR37K","Cliente Amazon","Se pliega fácilmente pero por no andar quitando el tornillo etc la he dejado en un sitio donde no me estorba y así no la tengo que plegar esta bastante bien y calidad precio genial pero es un poco pequeña yo que soy bajita no lo noto pero mi chico que es grandon si pero está bien la recomiendo","Revisado en España el 23 de enero de 2022","Calidad precio no está mal",3,"","4"
"R2QI843A36ZHNN","Cristina","Cumple las expectativas, viene casi montada del todo. Es un poco más estrecha comparada con las de gimnasios pero ya lo sabía al comprarla y para mi altura (1,65cm) es perfecta. Plegada no ocupa nada porque el cuadro de mandos se pliega verticalmente. Las ruedas para desplazarla son un poco pequeñas pero sirven. Corro a intervalos y es fácil bajar y subir la velocidad. Para mi, cumple lo prometido.","Revisado en España el 15 de marzo de 2021","Cumple lo prometido",4,"","8"
"RJMYM6YW8KKMD","Fernanda","Ocupa poco sitio. Es pequeña que es suficiente para mi, pero es medio estrecho la cinta si solo camina es incomodo para correr va bien. El soporte para cogerte no es demaciado funcional. No se puede pedir mucho. Yo estoy satisfecha.","Revisado en España el 25 de marzo de 2021","Buena cinta",4,"","2"
"RH22Z4ID0JXJE","Natascha Förster","Funciona muy bien y el montaje es más que fácil. Pero es muy pequeña. Tengo 1,65m y para mi para correr casi es pequeño.","Revisado en España el 19 de junio de 2021","Funciona bien pero pequeño",4,"",1
"RL54KP5JEMO72","Cliente Amazon","La recomiendo 100% y ocupa poquísimo espacio cuando se llega totalmente","Revisado en España el 21 de febrero de 2021","Que funciona de maravilla y que plegado no ocupa nada y el montaje es súper fácil",4,"","2"
"R206I92OYDQE3N","Lucia","Esta muy bien, pero es un poco baja.Pero para su precio está muy bien cumple toda su función.Estoy encantada, los la recomiendo","Revisado en España el 9 de septiembre de 2020","Muy fácil de montar,",4,"","6"
"RD0FXSC3QAVDF","Jose F","Muito estreita, apoios para as mãos muito baixo, sem ajustes de altura. Para quem procura algo apenas para pequenas caminhadas ( para mexer as pernas) é suficiente","Revisado en España el 8 de abril de 2022","Apenas para caminhar",2,"",0
"R4EEZ4QIOAMQF","joluhergaz","Pues me ha gustado todo y estoy muy contento con ella, me está ayudando a perder peso que es lo que deseaba","Revisado en España el 9 de marzo de 2021","Para mí lo más importante es bajar de peso, en casa, ya que puedo hacer confinamiento",5,"",1
"R3NWGR41UPJ740","Yolanda Gomez Lopez","Es una cinta muy ligera, pero las dimensiones de la cinta son muy pequeñas y la altura de las barras para agarrarte muy bajas, es incómoda y poco práctica en mi caso, para niños estaría bien.","Revisado en España el 7 de abril de 2021","DIMENSIONES DE CARRERA MUY PEQUEÑA",2,"",1
"R2NAFZF18647B0","Maite","Me ha encantado. Práctico y cómodo y no ocupa espacio.","Revisado en España el 16 de marzo de 2021","Buena compra",5,"https://images-na.ssl-images-amazon.com/images/I/A1Ne1X+SuiL.jpg
https://images-na.ssl-images-amazon.com/images/I/A1mDfR7Hs1L.jpg","3"
"R9G6QR5LBW4CG","Mónica Gutiérrez Jiménez","Muy útil y ocupa poco espacio","Revisado en España el 13 de mayo de 2021","Fácil y cómoda",5,"",0
"R3QIB93ZLCREYS","Patricia","Llegó bien embaladoo y es muy fácil de usar","Revisado en España el 8 de marzo de 2021","Me encantó",5,"",0
"R2SLKBUDNWVV58","noe","Me ha gustado lo fácil que es de plegar, pero para andar y correr muy incómoda, porque tienes que estar todo el tiempo encorvada y termino con dolor de lumbago, si fuera el agarre más alto y más largo estaría mejor. Estoy arrepentida de haberla comprado.","Revisado en España el 2 de noviembre de 2021","Es muy incómoda, tienes que estar doblada todo el tiempo",1,"",0
"RSU3T8GUKSP0D","José Miguel","Perfecto","Revisado en España el 12 de marzo de 2021","Cumple con lo que yo deseaba",5,"",1
"R13AWOLLO4RGNV","juan antonio tendero rodriguez","Muy mala. Difícil de centrar la cinta. Sólo me ha durado 5 meses. La compré en marzo y hoy 13 de agosto ya no funciona","Revisado en España el 13 de agosto de 2021","Mala calidad",1,"",0
"R3H8LDHVZEYTEA","Cliente Mc","Yo tengo un 69 de minusvalia y me la he comprado para andar pues me tomó ventolin para la fatiga crónicaPara andar despacio y cada ver reforzar la musculatura y el corazón es ideal no sé si es buena para correr no la he probado, pero para rehabilitación y mantenimiento es lo mejor ,la recomiendo y para personas mayores ejercitar las piernas CÓMPRENLA POR SU LALUBAdemás en verano no pasas calor y en invierno frío y puedes ver tu serie favoritaEs estrecha no ocupa mucho se pliega sencilla y ya digo te puedes ir agarrada andadando un poquito cada día más","Revisado en España el 22 de marzo de 2021","Para mi uso COMPLETISIMA",4,"","2"
"R1F56XA6KYG3TD","Alicia","Viene montada solo hay q ajustar pantalla y barra pero el mismo dia la devolvi, al encenderla un pitido largo y la pantalla ponia E07, error cableado.He de decir q me dieron solucion rapida y al dia siguiente vinieron a recogerla","Revisado en España el 1 de enero de 2022","La devolví",5,"https://m.media-amazon.com/images/I/71Y755AWAfL.jpg",0
"R2Y8GFT1DL9I3D","jose antonio roman vizcaino","la verdad estoy muy encantado  puntualidad en la entrega  muy facil montaje y el funcionamiento genial","Revisado en España el 17 de febrero de 2021","muy contento",5,"https://images-na.ssl-images-amazon.com/images/I/61doQLt5-vL.jpg
https://images-na.ssl-images-amazon.com/images/I/719HVMX6SaL.jpg","8"
"R1AGASBCHQ1HOI","Sara","Tapis roulant abbastanza robusto ( non come quelli professionali ) ma ottimo per il suo prezzo, comodo si chiude e risparmi spazio facile da usare","Revisado en Italia el 17 de enero de 2023","Wooow",5,"",0
"R1WZ9SGP0CDZQ1","Francesco","Ordine arrivato in perfetto orario, davvero ottimo questo Tapis Roulant per uso domestico per via della molteplicità delle velocità, forse manca la pendenza...ma per un allenamento domestico è davvero l'ideale.Consiglio l'acquisto, ottimo!","Revisado en Italia el 13 de noviembre de 2022","Perfetto per uso domestico",4,"",1
"RS4V50BCDMEA3","Dino","Buon prodotto forse un po' troppo stretto","Revisado en Italia el 6 de enero de 2023","Ottimo",5,"",0
"R3OBY41AYFK38K","Gustavo A. RUJU","Il tapis roulant da una sensazione di robustezza davvero notevole in rapporto al prezzo pagato.E' essenziale (inclinazione fissa, pochi programmi) ma per un po' di movimento nelle giornate di pioggia è molto più che sufficiente","Revisado en Italia el 6 de diciembre de 2022","Qualità sorprendente",5,"",1
"R265JTY8PN67HR","Marcello","Il tapis roulant non è male. Piccolo, compatto, chiuso occupa pochissimo spazio. Sembra anche robusto,ma è indubbiamente piccolo. È piccolo lo spazio del rullo. Confortevole per una camminata veloce per una persona minuta, ma già una corsa veloce risulta complicata se non impossibile. L'ho usato in gravidanza ininterrottamente per 7 mesi 2 ore al giorno alla velocità di 6.1. Nell'ultimo mese di utilizzo ha iniziato a fare un forte rumore metallico. L'assistenza da parte del venditore è avvenuta in modo rapido ed impeccabile tramite whatsapp. Purtroppo non esiste un'assistenza in Italia. In ogni caso mi hanno spedito in meno di 7 giorni un motore nuovo, che però non ho ancora montato perché nonostante i loro video, la sostituzione non mi è sembrata semplicissima. Al momento non lo sto usando ma occupa talmente poco spazio da chiuso che non è un problema.","Revisado en Italia el 20 de agosto de 2022","Non è per correre",3,"","4"
"RDREAC2ZI270M","Sooo ","Buon prodotto, molto resistente,con schermino che segnala tutto, velocità,tempo,ecc.e con un sistema di emergenza(hai un filo che da una parte lo  attacchi alla maglia e dall' altra attacchi il magnete al tapis roulant in modo che se dovessi cadere e il magnete si toglie,il tappetino si ferma in automatico).","Revisado en Italia el 3 de noviembre de 2022","Buono",5,"",1
"RJVE90BHE07TN","PAMELA S","Top, ma un po' corto il tappeto.cmq soddisfatta","Revisado en Italia el 15 de septiembre de 2022","Ottimo acquisto",4,"",0
"R1VXARH0RXS9BW","Zandrino","L'ho regalato ai miei genitori (anziani). Ovviente non ricercavo un prodotto professionale, ma che fosse solido ed utile per fare passeggiate anche quando non fosse possibile. Di tanti modelli, e marche, questo includeva diverse possibilità. Tutto ad un prezzo interessante. Al momento assegno una stella in meno, solo per una valutazione nel lungo periodo. Al momento, gli utilizzatori, mi riferiscono che va tutto bene, che  riescono a camminare senza problemi (falcata, stabilità), e che stanno anche migliorando per tempi e percorrenza. Aggiungo anche che è solido (acciaio inspessito), e l'ingombro (se chiuso) è veramente minimo.","Revisado en Italia el 22 de abril de 2022","Utile",4,"","2"
"R1VWMVAFN2YJRM","Cliente Amazon","Robusto facile da riporre anche sotto il letto. Piano inclinato fisso comodo display con poggia bibita. Vari programmi di allenamento e diverse velocità. Attivazione con magnete e stop della corsa del tappeto immediata anche pulsante alternativo di stop ma non immediato. Unica pecca che ho riscontrato ma normale nei modelli casa/ufficio è la pedana leggermente stretta del tappeto. Comunque comodissimo e funzionale e con materiali affidabili. Assistenza e riparazione in caso di guasto dopo la garanzia. Soddisfatto e lo consiglierei.","Revisado en Italia el 10 de marzo de 2022","ISE Tapis roulant",4,"",0
"R3VMEEKE277QSU","Anastasia","è giusto nelle misure per un uso casalingo, il tappeto può sembrare stretto, ma se avete la giusta postura della corsa va bene anche per un uomo, il mio compagno è un ex corridore, arrivato alla velocità massima per 40 minuti, mi ha detto che per poter mantenere il ritmo  è il caso di correre all'aperto, ma se non lo fate ad alti livelli, (la maggior parte della gente non ci arriva a quella velocità per molto tempo), quindi l'uso sarà prolungato.la maniglia è bassa, ma questo non lo rende importante, non si corre attaccati ad un mangione, ne ci si cammina, la postura sarebbe innaturale, e quindi fa male invece che bene.l'unico difetto che ho trovato è la regolazione per l'oleazione, ci si può impazzire per regolare il tappeto ogni volta che oleate, e io ho un'ottima manualità. l'inclinazione è fissa, ma va benissimo","Revisado en Italia el 21 de noviembre de 2020","giusto",4,"https://m.media-amazon.com/images/I/A1d-i+XCh9L.jpg","26"
"R12AL7PQOH4RS7","Paolo","Cercavo un tapis roulant silenzioso da poter utilizzare in appartamento senza disturbare i vicini e anche che fosse semplice da chiudere per riporlo sotto il letto quando non in uso per qualche giorno.Ho trovato questo e sono molto soddisfatto.Io lo uso per camminare due ore al giorno, una al mattino e una al pomeriggio ed è perfetto. Non lo uso per correre perché usandolo di mattina preso o la sera tardi darei comunque fastidio al piano sottostante.Uniche pecche sono il tappeto forse un po' stretto che costringe quasi ad una camminata ""da modella"" con i piedi sulla stessa linea e il fatto che il tappeto che si sposta leggermente a sinistra o destra (a seconda di come si cammina) scoprendo il piano sottostante anche di un centimetro e se non riallineato si sente che struscia sulle guide laterali.Tenuto conto comunque dell'ottimo prezzo sono pienamente soddisfatto.","Revisado en Italia el 3 de septiembre de 2020","Ottimo rapporto qualità prezzo, molto silenzioso e poco ingombrante (quando chiuso).",4,"","16"
"RLPMBFKNMI001","graziano chiesa","il manubrio è un po' basso per la mia altezza (185) e non è regolabile","Revisado en Italia el 28 de marzo de 2022","pratico, si ripiega in poco spazio",4,"",0
"R1NLFQHJWI3CIT","Cliente Amazon","È troppo stretto per correre (sono una ragazza di 155cm) e risulta abbastanza scomodo per camminare perché risulta un minimo rialzato di default e non è possibile modificare questa pendenza (è minima ma se uno vuole passeggiare e basta tranquillamente non è piacevole)","Revisado en Italia el 3 de marzo de 2022","Impossibile correre, scomodo anche per camminare",3,"",0
"R3A7QSY403VGN8","stefano","piccolo semplice e leggero ben adatto a camminata ed esercizi di riabilitazione  NON PER LA  CORSA di una persona ADULTA .giusto rapporto qualità prezzo .soddisfatto","Revisado en Italia el 30 de diciembre de 2021","soddisfatto",4,"",0
"RA7E8YXZ91ELX","VEFAZI","Robusto e sicuro se ci si attiene alle istruzioni ( Il produttore è certamente serio )Arrivato tre giorni prima della data prevista ( come al solito Amazon si è rivelata affidabile ).Nelle istruzioni non ho trovato come lubrificare i rulli. Lo usiamo sia io che le mie figlie. Si riesce a raggiungere una velocità tale da poter fare una leggere corsa.Unica pecca è il braccio per appoggiare le mani, piuttosto basso. dovrebbero farlo regolabile oppure aggiungere un accessorio per poterlo rendere un po più alto.A parte questo lo consiglio vivamente.","Revisado en Italia el 25 de septiembre de 2020","Ottimo per essere un prodotto da casa",4,"",1
"R2CU2T9DHUC9MX","Francesco","Lo utilizzo da poco, cioè da quando mi è arrivato. Lo trovo adatto all'utilizzo ""casalingo"" per il quale l'ho scelto. Per adesso fa bene il suo lavoro, non ho ancora provato a lubrificarlo, spero non sia molto difficile come invece leggevo su un'altra recensione. Trovo equilibrato il rapporto qualità/prezzo, inoltre, risulta abbastanza facile, una volta chiuso, riporlo in un piccolo spazio.","Revisado en Italia el 21 de abril de 2021","Buon prodotto",4,"https://m.media-amazon.com/images/I/814ugR5xIrL.jpg",0
"R3CFHN3SLCJBYQ","pasquale ganci","Ottimo prodotto, arrivato prima del previsto, confezione  integra. È  bastata aprire la confezione  ,sballare collegare la presa e il gioco  è  fatto","Revisado en Italia el 7 de diciembre de 2021","Ottimo qualità  prezzo",4,"",0
"RQXR2DTKMC326","Andrea","Uso questo prodotto per effettuare un pò di attività fisica ( ho 72 anni) senza dover uscire di casa.Il tappeto va bene, unica pecca (veniale) è che non ha un supporto adeguato per contenere il cellulare.Infatti quello che c'è è troppo piccolo ed il cellulare rischia di  cadere. Per il resto OK.","Revisado en Italia el 13 de mayo de 2021","Corrisponde alle aspettative ed a quanto dichiarato dal venditore",4,"",0
"RW0Z6MEUUWCKW","Cipriano Caterino","Il tapis roulant funziona bene e soddisfa le aspettative per la funzione domestica che deve svolgere. Prima di acquistarlo ho letto recensioni negative ma è logico che non può essere paragonato a un tapis roulant professionale che siamo abituati a utilizzare in palestra. Questo è compatto, adatto a essere tenuto in casa e si richiude con facilità. Si riesce a fare camminata veloce e anche corretta. Molto intuitivo. La pedana è più stretta e corta rispetto a un tapis roulant professionale ma è normale che sia così e si ci abitua tranquillamente","Revisado en Italia el 7 de noviembre de 2021","QUALITÀ PREZZO IMBATTIBILE 💣",5,"",0
"R123GDUUEJI04X","Raffaella","Mai l'avessi comprato. Mi soffermerò a parlare solo del prodotto e non delle problematiche dovute al reso, essendo un oggetto ingombrante.Ho acquistato questo Tapis Roulant colpita dal fatto che fosse elettrico e dal prezzo onestamente basso rispetto agli altri tapis Roulant in commercio. Una volta arrivato, noto con grande dispiacere che era veramente piccolo. Non solo il tappeto, che era stretto, ma anche la barra di appoggio, estremamente bassa, anche per me che sono alta 158 cm (quindi potete immaginare quanto possa essere scomodo per una persona più alta), ho cercato di capire se si potesse regolare in qualche modo, ma era fisso. Per il resto il tapis roulant, per quei 3 minuti che l'ho provato, funzionava, ma era troppo scomodo.  Per il prezzo, non ne vale pena.","Revisado en Italia el 12 de octubre de 2020","L'acquisto più disastroso della mia vita",3,"",1
"R2PSSLARDI1QZG","Cliente Amazon","Troppo stretto il tappeto si rischia la caduta","Revisado en Italia el 20 de abril de 2022","Troppo stretto il tappeto si rischia di cadere e farsi male",3,"https://m.media-amazon.com/images/I/71v-HEhI8uL.jpg",0
"R3P14NK3V29I28","giacomo","nella valutazione complessiva non ho messo 5 stelle poiche' il tapis roulant e' arrivato prive di alcuni oggetti . L'help desk della ISE si e' messa immediatamente a disposizione per la mancanza di questi prodotti. Arrivati e provati funziona tutto. Rapporto qualita' prezzo eccellente. Personale della ISE molto cordiale e professionale","Revisado en Italia el 9 de abril de 2021","tapis roulant ISE marca seria",4,"",0
"R2PS9IRVQ6J4NR","Corrado M","Guardando le altre recensioni mi preoccupavano le dimensioni e la possibilità di utilizzo per la corsa. A me serviva per passeggiate veloci (6 Km/h) e mi soddisfa pianamente. Ho 60 anni, sono alto m 1,68 e il mio passo può essere contenuto all'interno del tappeto, effettivamente di dimensioni non elevate ( 98X32 lo spazio utilizzabile). Non so se un giovane, magari più alto di statura, può usarlo per la corsetta (arriva a 10 Km/h). Oltre alla possibilità di impostare la velocità manualmente, è dotato di 5 programmi che iniziano gradualmente, arrivano a 5 e/o 6 Km/h e prevedono in defaticamento. Non è leggero ma questo non direi sia un difetto perché, per contro, è stabile e robusto.","Revisado en Italia el 29 de octubre de 2020","Ottimo prodotto, soddisfa le mie esigenze.",5,"",1
"R4MD0CFRHM0TE","Maurizio Turoli","Buon prodotto arrivato nei tempi previsti complimenti al venditore","Revisado en Italia el 17 de diciembre de 2021","Ottimo",4,"",0
"R183HNUS9QHULW","Essenza","Amazon come al solito impeccabile!Il tapis roulant e semplice ed essenziale.I materiali sembrano buoni si apre in un attimo e si trasporta con facilità grazie alle rotelline.La parte più macchinosa è la centratura del tappeto mobile, che si fa stringendo e allentando le due viti poste su i due lati della estremità posteriore.Se non si fa bene il tappeto si sposta su un lato e il bordo si sfilaccia.Buono il rapporto qualità prezzo.","Revisado en Italia el 23 de junio de 2020","Buon prodotto!",4,"","14"
"R2B0D7GUBCTBO9","nicolttn","e' arrivato lunedi ' 14/9, come mi erano stato indicato, per ora non ci sono problemi, mi trovo bene.Magari se avesse avuto invece che una lunga  vite, per fissarlo, un pedale, sarebbe stato meglio, pero' non e' certo questo il problema.Visto il costo contenuto, per fare un po' di movimento in casa  io lo consiglio.","Revisado en Italia el 17 de septiembre de 2020","dimensioni ottime",4,"",1
"R2HJ1OZOCU7K25","Teresa","Pensavo meglio... Le maniglie corte non aiutano nella corsa e nastro un po' stretto..... Diciamo che per cardio, quello serio... Non va bene. Ma corsa leggera, camminata può andare","Revisado en Italia el 12 de diciembre de 2021","Insomma..",3,"",0
"RASWTJ7AHYH73","Enza","Comprato in offerta e il rapporto qualità prezzo è buono.Ho cmq messo dei supporti antirumore sotto i 4 punti di appoggio per fare meno rumore possibile attraverso il pavimento. Comprato 4 piedini, quelli usati per separare la lavatrice dal pavimento e non perde in stabilità. Va bene per persone non molto alte direi max 1,75 mt.Molto soddisfatta.","Revisado en Italia el 13 de enero de 2022","Non è rumoroso",5,"",0
"R24K8OF47A1HHX","Peal","Molto stretto il la pedana, si blocca ogni tanto il tappeto diventando pericoloso l’utilizzo, va bene solo per il prezzo, sotto questo prezzo non si trovo quasi niente","Revisado en Italia el 29 de noviembre de 2021","stretto",3,"",0
"R16RJXIEJTQS8R","Gigio","Specificare che può servire per un bambino. La pedana è stretta","Revisado en Italia el 19 de enero de 2022","Bocciato",3,"",0
"R15CGNVTY9TE5","Alessandra","La Consegna non solo è stata tempestiva ma il corriere è stato molto cortese: mio figlio era solo a casa e lui si è preoccupato di salire fino al piano per evitare che si facesse male.10 e lode al corriere!Quanto al tapis rouland, è un buon prodotto da tenere in casa. Molto silenzioso, maneggevole e robusto.Un po' stretto il tappeto ma del resto con quello che costa è più che sufficiente.Ottimo rapporto qualità- prezzo.Le 5 stelle sono per il corriere!","Revisado en Italia el 8 de febrero de 2021","Consegna straordinaria!",5,"",0
"R3BKAYPMLU7OZN","MARINA GIUNTONI","Per una principiante come me è più che perfetto. Facile da chiudere, spostare e riporre. Unico difetto: il corrimano non è regolabile in altezza e per me che sono alta 1,72 m risulta un po' basso. Mi costringe a stare piegata con la schiena ed è piuttosto scomodo. Spero di acquisire presto la capacità di poterlo utilizzare senza dovermi tenere.","Revisado en Italia el 6 de julio de 2020","Adatto per principianti.",4,"","5"
"R19I9CYYSBW1YG","Cliente Amazon","Resistente e poco ingombrante,l’unica pecca x me che x “correre” ha già di partenza una pendenza impegnativa e non si può mettere in piano dritto…","Revisado en Italia el 4 de mayo de 2022","Tappe elettrico",5,"",0
"R6ZHBWJGWZLOF","Franca","prodotto che corrisponde alla descrizione. A mio parere il supporto frontale è troppo basso. Dovrebbero studiare un modo per renderlo regolabile in base alle proprie personali esigenze.","Revisado en Italia el 22 de abril de 2021","rapporto qualità prezzo",4,"",0
"RWCXSUO825TJH","giofar68","Un articolo che ha mantenuto tutte le mie aspettative. Comodo. Rapporto qualità prezzo buona è davvero più robusto di quanto avrei potuto immaginare. Io lo uso per camminare. Ed è davvero comodo. Sono soddisfatta","Revisado en Italia el 5 de febrero de 2021","Allenamento perfetto",4,"",0
"R1WS04L2XI8JR0","Cliente Amazon","Indubbiamente il rapporto qualità/prezzo è ottimo! Unica pecca, la barra per il sostegno decisamente bassa, in ogni caso, è un prodotto che consiglierei!","Revisado en Italia el 10 de mayo de 2021","Tutto sommato, va bene!",4,"",0
"R2QOKSH3VVDXK","Antonio Domenico","Ottimo rapporto qualità prezzo, consegna rapida ed istruzioni facili per il montaggio. Motore silenzioso.","Revisado en Italia el 26 de julio de 2021","Ottimo prodotto",4,"",0
"R3AYQIXX5LIG03","Giorgio Formicola","Buon prodotto e fa bene il suo compito. Solo un po' stretto e ti ci devi abituare, per il resto nessun difetto di rilievo.","Revisado en Italia el 16 de abril de 2021","Fa bene il suo compito",4,"",0
"R1OW2M1NEOSUUL","Zanetti Roberto","Veramente ottimo a distanza di mesi dall'acquisto, , unico difetto la posizione della barra  troppo avanti e la mancanza di un sistema per rialzare la parte anteriore  onde simulare falso piano in salita , io comunque lo uso con dei libri sotto e fa il suo, forse un po' leggerino se si pesa più di 70/75 chili","Revisado en Italia el 6 de octubre de 2021","Tapis roulant",5,"",0
"R3JT7PY74DDBYT","Umberto C.","Mi è piaciuto per la leggerezza, per il poco spazio richiesto da chiuso, per la silenziosità. Non mi è piaciuta l'altezzadel tubolare per reggersi poichè è troppo basso e costringe a stare con la schiena piegata.Lo usa generalmente mia moglie ad una velocità  di 4 km/h al massimo","Revisado en Italia el 3 de julio de 2020","TAPES ROULANT pieghevole 750 w",4,"",1
"R1Z9KZTOCA7ASN","Anna","Dopo 11 mesi di utilizzo ha iniziato a fare un rumore fastidioso e ad avere un forte odore di plastica bruciata. La manutenzione lubrificante del tappeto è stata fatta regolarmente. È possibile avere la riparazione o la sostituzione del tapir roulant?","Revisado en Italia el 19 de agosto de 2021","Odore di plastica bruciata",3,"",0
"R2QFLGTLSG7CYJ","Gianluca ","Consegnato perfettamente imballato senza neanche una ammaccatura !Una volta aperto era perfetto!Sottile che occupa pochissimo spazioAddirittura il computer si gira per occupare meno spazio ancora.Robusto , silenzioso, affidabileSento gente che ci vorrebbe correre su.. ma se neanche in palestra ti fanno corree su i loro tapis da 3000€ figurati su uno da 300€Comunque torniamo a questo fantastico prodotto.. è davvero eccezionale.. sono rimasto davvero contento, bravi 👏","Revisado en Italia el 4 de marzo de 2021","Spettacolare !!",5,"https://m.media-amazon.com/images/I/B1DS5R8XfIS.jpg
https://m.media-amazon.com/images/I/C1VWqyv3o+S.jpg",0
"RPK9ICF5UMVJF","Andrea","Rapporto qualità-prezzo imbattibile per chi cerca un tapis roulant per uso domestico, semplice ma funzionale e non ingombrante.","Revisado en Italia el 31 de marzo de 2021","Ottimo tapis roulant per uso domestico",4,"",0
"R2KOBIFIYEIMU","Cliente Amazon","Per il prezzo va benissimo solo gli appoggi per chi e’ principiante sono troppo bassi","Revisado en Italia el 22 de abril de 2021","Buon prodotto",4,"https://m.media-amazon.com/images/I/C1vzwljqfvS.jpg",0
"R1UQ30T32XKUVX","B. ","Il tapis roulant funziona bene e soddisfa le aspettative per la funzione domestica che deve svolgere. Prima di acquistarlo ho letto recensioni negative ma è logico che non può essere paragonato a un tapis roulant professionale che siamo abituati a utilizzare in palestra. Questo è compatto, adatto a essere tenuto in casa e si richiude con facilità. Si riesce a fare camminata veloce e anche corretta. Molto intuitivo. La pedana è più stretta e corta rispetto a un tapis roulant professionale ma è normale che sia così e si ci abitua tranquillamente","Revisado en Italia el 11 de septiembre de 2020","Ottimo per la sua funzione domestica",5,"","19"
"R6MXF8EMYET2T","Marco","Ottimo prodotto, semplice da montare, leggero dactrasportare e comodo nell’utilizzo. Unica pecca non c’è il tasto pausa, ed eè un pelo stretto, ma per uso domestico e per camminare è perfetto! Piace anche alla micia!","Revisado en Italia el 18 de octubre de 2020","Ottimo tapis per uso domestico",4,"https://m.media-amazon.com/images/I/61K2gZm-GLL.jpg","4"
"R2PK7GN72RKMWU","giuseppe","abbastanza soddisfatto","Revisado en Italia el 25 de julio de 2021","Tapis Roulant Pieghevole Elettrico,",4,"",0
"RGJ2E9L46W3TR","Bardellotto Daniela","Qualora prezzo vanno di pari passo. Fa il suo dovere. L'unica pecca è l'assenza di braccioli per appoggiarsi","Revisado en Italia el 3 de marzo de 2021","Se avesse i braccioli sarebbe perfetto",4,"",0
"R2K59S2X7KU10Y","Maria Grazia","Il prodotto é arrivato in tempi rapidissimi, va semplicemente tolto dalla scatola, aperto, messe 2 viti ed é pronto all'uso... che dire... meglio di cosí non si puó! L'ho ricevuto ieri e l'ho subito provato, non posso esprimere un parere per l'allenamento perché per quello serve un periodo di prova ma il rapporto qualitá prezzo é ottimo, buona la robustezza della struttura","Revisado en Italia el 13 de mayo de 2021","Consigliato",5,"",0
"R2OP2WUYJJXSOH","elisabetta guatri","Quello che cercavo ... comodo e pratico per passeggiate in casa ... non corsa però","Revisado en Italia el 23 de marzo de 2021","Quello che cercavo",4,"",0
"R3MMPGG8PPSJGG","Concetta castaldo","Ottimo prodotto facile da usare molto robusto lo consiglio","Revisado en Italia el 15 de mayo de 2022","Un prodotto buono e ottimo per la casa",5,"https://m.media-amazon.com/images/I/71-vX-Phw3L.jpg
https://m.media-amazon.com/images/I/71Q5t7vRnBL.jpg",0
"R1CGXK4W5RUG5W","SA","Buon prodottoVa bene per correre anche se la pedana non è larghissima.","Revisado en Italia el 4 de marzo de 2021","Buono",4,"",0
"RUBNSMALG53CO","Cliente Amazon","Mi è piaciuto il prezzo e le dimensioni non troppo grandi. Utile per chi ha intenzione di iniziare a fare un pochino di attività fisica. Pensavo però che fosse un po' fluido ma forse sente il peso della persona e quindi sembra che sia magnetico.","Revisado en Italia el 7 de octubre de 2021","Tapis utile per chi vuole iniziare a mettersi in forma",5,"",0
"RFUDCB281O2OY","Corrado Capurso","Il prodotto è ottimo per fare un po' di movimento in casa, sono alto 1, 75 m e la barra sembra avere un'altezza adeguata. Sono riuscito a correre con una velocità di 10.00 . Ovviamente quando si corre dobbiamo guardare in giù dato che la fascia non è poi così larga.La usiamo da un mese e per ora non ha dato problemi","Revisado en Italia el 5 de marzo de 2021","Buon prodotto",5,"",0
"R6CHPPSZ39MUP","Maria","Il tapis è buono e funziona bene, non mi è piaciuto perché non ha praticamente un punto di appoggio durante la camminata.  Mi dispiace ma l’ho dovuto restituire","Revisado en Italia el 8 de agosto de 2020","Mancante di punto appoggio per camminata",4,"",0
"R50DMOIMIP818","Maria Teresa ","Il prodotto è mediocre, io lo potuto utilizzare solo due volte perché già dopo la seconda volta a iniziato a dare problemi, ci sono diverse cose che non vanno bene., il primo punto che dopo aver  accellerato la velocità fino 7.0 dopo pochi minuti si blocca e scende di velocità da solo, naturalmente questo è un difetto di questo che mi hanno venduto a me... Penso.. Secondo punto dove si appoggiano le mani è molto basso, io che sono alta un 1,70 devo stare chinata in avanti e naturalmente questa postura mi  crea problemi alla schiena, terzo punto e molto stretto la larghezza del tappeto dove si cammina, io con un 39 di piede devo stare attenta perché andando in velocità si sbatte incontinuazione e se non si ha un buon equilibrio diventa pericoloso, quarto punto balla... Non è stabile in velocità, quinto punto e scomodo non è vero che si sposta con facilità, certo forse per un uomo si ma per me che sono una donna di 50 anni mi rimane pesante e scomodo da spostare per chiuderlo.... Lo sconsiglio... Io lo restituisco al più presto....","Revisado en Italia el 17 de enero de 2021","Qualità prezzo Zero",1,"","9"
"RN9ODCPFN2BFQ","Varla","Buonissimo prodotto, usato per tutto l'inverno, quotidiniamente.","Revisado en Italia el 2 de mayo de 2022","Tapis roulant",5,"",0
"R3B4D54O9E7VMM","Ana","Pesso ottimo. Per la grandezza non tanto. Non è identico alla foto e molto più piccolo.","Revisado en Italia el 1 de abril de 2022","Non è identico e molto più piccolo rispetto a quello che è nella foto.",2,"",0
"RGX4BLSSCVR56","domenico fazio","si monta in un attimo ed è facilissimo da usare, l'ho trovato solo un po' stretto.","Revisado en Italia el 29 de octubre de 2020","ISE Tapis Roulant Pieghevole",4,"",0
"R1ECRD44CYKEDF","Giuseppe","Il tappeto è stretto e corto va bene per una andatura da maratoneta se si è alti più di 170 cm si va in difficoltà","Revisado en Italia el 8 de marzo de 2021","Andatura",3,"",0
"R35KDELLQH13GW","ELdiablo","E' stato un regalo e chi lo usa si è trovato benissimo. Ottimo per l'allenamento in casa.","Revisado en Italia el 24 de enero de 2022","Buon prodotto",5,"",0
"R2H2WNU43ZDEOQ","Roberta","Buon rapporto qualità prezzo","Revisado en Italia el 29 de diciembre de 2020","Tapirulan",4,"",0
"RP6KZI79K9NMN","Cliente Amazon","Funziona è robusto ma troppo stretto ,bisogna fare molta attenzione per non calpestare i bordi se no si cade","Revisado en Italia el 11 de abril de 2021","Bastavano 5 cm. in più sarebbe stato perfetto",3,"",0
"R2RQMKHTEL5E3V","Nicola Acanfora","Il tapis roulant è piccino ma funzionale per una camminata veloce e occupa obiettivamente poco spazio sia da aperto che richiuso.Nel complesso sarebbe stato un ottimo acquisto se non ci fosse un ma....Dopo 1 mese di utilizzo giornaliero ha semplicemente smesso di funzionare.Ho contattato Amazon che si propone come primo servizio di assistenza, con una cortese signorina che ha cercato di capire dove stesse il problema mandandomi stralci di manuale e link di youtube che si riferivano a prodotti di altra marca e altro modello.Per concludere Amazon dice giustamente di rivolgersi al produttore.Scritto al produttore e sono in attesa di risposta, sito solo in francese e bot che risponde alle mail senza mettere nessun riferimento alla contestazione aperta.Pronto ad aggiornare la recensione se qualcuno si farà vivo, certo per ora 289.00 buttati per un solo mese di utilizzo.","Revisado en Italia el 9 de marzo de 2021","Dopo 1 mese ha smesso di funzionare e ora aspettiamo il produttore",1,"","3"
"R232A3DOBBXQ8R","Hal 9000","lo uso da 45 giorni tre volte a settimana per ora funziona bene","Revisado en Italia el 7 de febrero de 2022","Per ora funziona",5,"",0
"R3CXZM5CY8OS7P","Cliente Amazon","Buono","Revisado en Italia el 11 de febrero de 2021","Buono",4,"",0
"R34USCF0G8LQJA","fabiana 77","Prodotto scadente comprato 9 mesi fà utilizzato solo 2 mesi e si è  rotto,","Revisado en Italia el 26 de septiembre de 2022","TAPIS ROULANT",1,"",0
"R17OOMX9TC8QN8","Gabriella Colasanto","Lo spazio per correre/camminate è veramente limitato... Quando lo uso sono senpre in tensione, devo fare attenzione a come mi muovo","Revisado en Italia el 25 de febrero de 2021","Deludente",3,"",0
"R12QH8VUELF1HS","Will","Il primo Tapis Rouland che acquisto, molto bello, comodo e facile da portare da una stanza all'altra grazie alle ruote di trasporto, molto solido e compatto, display lad che mostra il consumo delle calorie, il tempo percorso, la velocità e l'impulso attraverso l'allenamento.... Molto soddisfatto lo consiglio","Revisado en Italia el 24 de marzo de 2021","Tapis Rouland perfetto",5,"https://m.media-amazon.com/images/I/B1Wv3Wcu96S.jpg
https://m.media-amazon.com/images/I/B1nj+rmqrWS.jpg",0
"R161A8VLP5EL4Z","Tofy","In un primo momento sono rimasta soddisfatta perché il prodotto arrivato integro in meno di 24 ore, facilissimo da montare e da usare, stabile e compatto. Ho centrato il tappeto con la brucola semplicemente seguendo le istruzioni. Purtroppo al secondo utilizzo il giorno dopo ha cominciato a produrre un forte rumore meccanico proveniente dal vano motore e ho chiesto immediatamente ad Amazon di restituirlo.","Revisado en Italia el 23 de abril de 2021","Non lo consiglio.",2,"",0
"R1O5BF2WEFZTB2","riccardo molaroni","Sono molto soddisfatto.  il tappeto è un po stretto ma si cammina bene lo stesso.  ho speso poco ma cale come uno costoso!!","Revisado en Italia el 8 de octubre de 2021","Ottimo acquisto",5,"",0
"RIIPVUTSAF28V","MAXVENEZIA"," Il prodotto non era male buona potenza con 750w, buona dimensione struttura del tapis roulant. Ma non è possibile fare un sostegno così basso per me  che sono alto 1,85 veramente inutilizzabile. Altro difetto rotelle troppo piccole si fa fatica a spostarlo basterebbero appena più grandi. Peccato per questi difetti poteva essere veramente un buon prodotto. Rimandato indietro.","Revisado en Italia el 16 de septiembre de 2020","Peccato poteva essere un buon prodotto. Ma sostegno troppo basso.",2,"https://m.media-amazon.com/images/I/71GHJLYGYCL.jpg
https://m.media-amazon.com/images/I/71h7O5SeW5L.jpg
https://m.media-amazon.com/images/I/71hMHBOjNTL.jpg
https://m.media-amazon.com/images/I/71rIV-G78EL.jpg
https://m.media-amazon.com/images/I/71wsAGIeoNL.jpg","51"
"R3GM61N0STEEF2","D","Prodotto buono.Largezza tappeto troppo  piccola.","Revisado en Italia el 17 de abril de 2021","Prodotto buono. Larghezza tappeto troppo  piccola.",3,"",0
"ROCL0OLF7WAPP","francesco ","nulla","Revisado en Italia el 8 de diciembre de 2020","nessuno",4,"",0
"RTYOTI4QY4EAT","Sandy89","Ottimo prodotto. Avevo letto le recensioni che lamentano il manubrio troppo basso, effettivamente lo è (io sono 170) ma tanto non serve perché quando cammino non mi appoggio al maubrio. Tapis roulant adatto per camminata veloce e con leggera inclinatura. Non lo uso per correre. Riescono ad usarlo anche i miei genitori di 75 anni.","Revisado en Italia el 19 de septiembre de 2020","Ottimo per camminata veloce, anche per anziani",5,"",1
"R1NLL56HOKXBH1","Mary","Giunto nei tempi prestabiliti e in perfette condizioni. Corrisponde esattamente alla descrizione. Ottimo funzionamento e ideale per uso domestico. Però un pò caro come prezzo.","Revisado en Italia el 29 de julio de 2021","Buon acquisto",5,"",0
"R19N1UCPAKOMPQ","maria laura lostumbo","Non mi è piaciuto il fatto che ha il tappeto stretto","Revisado en Italia el 17 de enero de 2021","Tapis roulant",3,"",0
"R2QVXLX9OV7NA5","Nadia","Ottimo per mantenere l’esercizio fisico anche d’inverno, quando la pigrizia ad uscire, per il freddo, prende il sopravvento","Revisado en Italia el 20 de septiembre de 2021","Buon prodotto",5,"",0
"R3B5IN6OBDKG49","Morena78","in vista dell'oggettiva difficoltà di andare in palestra, mi sono attrezzata in casacercavo un prodotto semplice e non troppo costoso per garantirmi la possibilità di lunghe passeggiate in casaecco, l'ho trovato!Il tapis è perfetto per l'uso quotidiamoottimo rapporto qualità/prezzo","Revisado en Italia el 13 de noviembre de 2020","Tapis Roulant Pieghevole",5,"",0
"R1EXOU5ETGXB7N","Finu'","Direi che è un buon prodotto. L ho acquistato per mia mamma e si è subito trovata bene.Semplice nell utilizzo davvero poco ingombrante. Lei lo tiene in camera.","Revisado en Italia el 14 de abril de 2021","TAPIS ROULANT OTTIMO PRODOTTO",5,"",0
"R1XC8HU3QWSKJP","Pasquale","Prodotto eccellente in rapporto qualità prezzo, come scritto nelle recensioni di altri utenti, non adatto per delle corse ma per una passeggiata tranquilla anche con una discreta andatura. La pedana è gusta per una statura non oltre il 1,70m perché larga il giusto.","Revisado en Italia el 4 de noviembre de 2020","Prodotto eccellente in rapporto qualità prezzo",5,"",0
"R3HSO45S2W895","C.","E' esattamente l'oggetto che cercavo, sembra di ottima qualità, funziona perfettamente, è comodo e con un semplice gesto si ripone sotto al letto ! Dalla descrizione risultava usato in condizioni accettabili ma è nuovissimo, pulito, perfetto","Revisado en Italia el 13 de enero de 2021","Eccellente acquisto",5,"",0
"R3J5EVOH96IMGT","Antonio","Buongiorno è stata un regalo a sorpresa per la mia compagna, grande soddisfazione in tutto, ne è entusiasta, lo consiglio al 100%, grazie ancora e alla prossima.","Revisado en Italia el 4 de marzo de 2021","OTTIMA SCELTA",5,"",0
"R1KI7LTBUEZ7FD","monica piras","Ha la parte per sostenersi con le braccia troppo bassa.","Revisado en Italia el 6 de septiembre de 2020","Troppo basso",3,"",0
"R39XZI0R5TDS4G","antonella","Non sono soddisfatta di questo prodotto, in quanto il punto d'appoggio è decisamente troppo basso rispetto all'altezza della persona, inoltre la pedana è troppo corta e stretta. Non lo consiglio.","Revisado en Italia el 27 de marzo de 2021","Sconsigliato",2,"",0
"R11A5W40ETQAR6","Cliente Amazon","Perfetto per allenarsi in casa perché’ occupa poco spazio ed e’ molto funzionale.L’unico difetto è la pedana un po’ stretta","Revisado en Italia el 12 de marzo de 2021","Funzionale",5,"https://m.media-amazon.com/images/I/B1kaGciRaGS.jpg",0
"R2LUK7P4REBKXV","Nadia","Perfetto per allenamento in casa se si preferisce sia una camminata a passo svelto che una corsetta.Ottimo prodotto, lo consiglierei","Revisado en Italia el 15 de febrero de 2021","Molto soddisfatta",5,"",0
"R2N5NKNAUCL499","Cinzia caldora parrucchiere","Ideale e perfetto x mia madre che faceva lunghe passeggiate a passo veloce  ora e sempre su al tapirulan...nn ideale x correre ma passo veloce e corsetta lenta...tiene bn","Revisado en Italia el 23 de octubre de 2020","Perfetto ideale x mia madre..corsetta lenta",5,"",0
"RDYRPAGKQ4Y4I","Cliente Amazon","Ottimo prodotto basico, meglio per camminate piuttosto che corse ma fattibile anche la corsaSoddisfatta per quello che cercavo.","Revisado en Italia el 13 de marzo de 2021","Buon prodotto",5,"",0
"R3MPCL3PPIVRQ2","Gianclaudio","Ottimo prodotto, di facilissima regolazione con pochi comandi, semplici ed intuitivi. Occupa pochissimo spazio ed è consigliato per chi non ha enormi pretese sportive (non lo consiglio per correre, ma per raggiungere almeno i 10mila passi al giorno)","Revisado en Italia el 9 de julio de 2020","Ottimo prodotto",5,"",1
"RCEG690RENH6J","Cliente Amazon","Si presenta bene già dall'imballo. È comodo da spostare visto il peso non esagerato e le rotelle che se erano in gomma forse era meglio. Tutto sommato un prodotto che consiglio.","Revisado en Italia el 24 de septiembre de 2020","Comodo e funziona bene",5,"",0
"R36FC37POIFKG","rosario monti","Ottimo prodotto","Revisado en Italia el 3 de diciembre de 2021","Tapis roulant",5,"",0
"R1IQ0U26OC95G1","Gassethound"," Ottima scelta, un prodotto che in casa fa il suo dovere, non possiamo pretendere che con meno di € 300,00 otteniamo un tapis roulant professionale. Si richiude in un baleno e non occupa spazio.","Revisado en Italia el 20 de enero de 2021","Pratico e comodo",5,"https://m.media-amazon.com/images/I/C1CKpxX6-jS.jpg
https://m.media-amazon.com/images/I/C1JxfkIFb9S.jpg
https://m.media-amazon.com/images/I/C1R9fX8bhuS.jpg","16"
"R1MHA5BZQ2ODHV","Serena rozzoni","se devo proprio trovare una pecca...tappetto un pò stretto per un uomo. siccome lo uso io, va benissimo!","Revisado en Italia el 9 de febrero de 2021","dimensioni tappeto",5,"",0
"R3KUWFKFYGQF9V","Giacomo","È arrivato prima del previsto, buon rapporto qualità prezzo, comodo da tenere in casa adatto a tutta la famiglia.","Revisado en Italia el 20 de enero de 2021","Tapis",5,"",0
"R3MTSNEXQJ1VHZ","Vincenzo briannė","Prodotto con rapporto qualità prezzo giustoPerfetto per camminata veloce non per correre fa il suo lavoro","Revisado en Italia el 21 de febrero de 2021","Prodotto valido",5,"",0
"R2FMBBCUD7MZIZ","Giuliano Ciocca","Ottimo rapporto qualità/ prezzo,molto comodo e facile da usare.Consigliato a chi vuole un buon prodotto ad un prezzo accessibile.Consegna rapida e senza danni.","Revisado en Italia el 2 de octubre de 2020","Soddisfacente",5,"",0
"R9YWWFWYRGD7Q","MAURIZIO","Buono","Revisado en Italia el 28 de octubre de 2021","Buono",5,"",0
"R379AB5QAAGS0C","Lucia","L'articolo ha soddisfatto tutti i criteri, l'unica nota negativa: il nastro trasportatore troppo stretto","Revisado en Italia el 13 de marzo de 2021","Descrizione del prodotto",2,"",0
"R3UV5TNRWXWXOW","Amaca","Il manubrio è assolutamente sottodimensionato. Sono alta 168 e non riesco a reggermi quando lo uso. Il tappeto è anche duro e poco scorrevole. L aspetto positivo è la maneggevolezza ma non lo ricomprerei","Revisado en Italia el 13 de agosto de 2020","Troppo basso e poco scorrevole.",2,"","4"
"R3CCMTY0S9VJ51","Gina Falconi","Non mi piace che e troppo piccolo lo spazio per caminare..Non e forte la struttura, sembra che si sta per rompere a ogni paso che si fa.","Revisado en Italia el 5 de octubre de 2020","il prezzo e troppo per quello che offre.",2,"",0
"R1XOMOZEQWNOJ3","Cliente Amazon","tutto perfettoAssistenza clienti super^^^^Sig.Zoe impeccabile su risoluzione problematiche","Revisado en Italia el 14 de abril de 2021","tapis roulant ise",5,"",0
"R10EN28PYKLWKJ","ANDREA R.","Tappeto molto fragile e di materiale scadente,  dopo poco tempo il rullo non funzionava piu  nonostante è stato utilizzato solo per 2 volte  a settimana. Ho fatto il reso e ne ho comprato uno migliore","Revisado en Italia el 27 de julio de 2021","Tappeto  'giocattolo'",1,"",0
"R10216D79YLM9J","Francesca","Rispecchia perfettamente la descrizione, ottimo prodotto, imballaggio perfetto","Revisado en Italia el 7 de mayo de 2021","Consigliato",5,"",0
"R2GK6V92UI1CG4","martina","Cercavo un tapis roulant di piccole dimensioni ma allo stesso tempo pratico e funzionale. Questo articolo risponde perfettamente alle caratteristiche che cercavo.","Revisado en Italia el 18 de septiembre de 2020","comodo,pratico,intuitivo e compatto",5,"",0
"R2GH59LI0ZYPP8","Milia C.","Rispetta le aspettative, comodo e funzionale, silenzioso e carino esteticamente. Lo consiglio","Revisado en Italia el 27 de febrero de 2021","Buon rapporto qualità-prezzo",5,"",0
"R39YMHB4KGUU5M","Marino Di Cicco","Purtroppo il prodotto è stato restituito a causa delle dimensioni alquanto ristrette della pedana in termini di larghezza e insufficienti per un comodo uso. Al momento sto riflettendo sul da farsi. Appena possibile ricomincerò a frequentare la palestra ed evitare una spesa ora impossibile per un prodotto di maggiori dimensioni e prezzo","Revisado en Italia el 3 de marzo de 2021","Per ora rinuncio a nuovo acquisto più costoso",1,"",0
"RWCWASM0GYTL5","Cliente Amazon","Arrivato in ritardo ( ordinato il 10/12/21) alcuni giorni dopo NataleArrivato rotto e restituito","Revisado en Italia el 15 de enero de 2022","Arrivato rotti",1,"",0
"R3Q01GWX70AKPO","luigi","Buon prodotto giusto rapporto qualità prezzo","Revisado en Italia el 16 de mayo de 2021","Buono",5,"",0
"R3UU7VRTX3OIU8","rosanna gigliotti","Arrivato in pochi giorni... Devo dire di essere soddisfatta, non pensavo fosse valido come descritto... E bene si... Contenta..","Revisado en Italia el 13 de octubre de 2020","Soddisfatta...",5,"",0
"RH9Z53OPA9XNO","Rosa","Ottimo prodotto, consegnato velocemente in due giorni, mi trovo benissimo","Revisado en Italia el 3 de marzo de 2021","ISE Tapis Roulant Pieghevole",5,"",0
"R1LDESIRZYJK7E","Lucia C.","Ottimo tapis piccolo e maneggevole, unica pecca che non ci entra sotto il letto perché i manici sono troppo alti","Revisado en Italia el 4 de septiembre de 2020","Ottimo",5,"",0
"R2RB4GFY7EVHNQ","Matteo","Pessimo articolo in un mese e poco più questa mattina stava per prendere fuoco il motorino ed è già un ventina di giorni che funzionava a sbalzi rischiando di fare cadere sia me che mia moglie...davvero pessimo","Revisado en Italia el 4 de mayo de 2021","Pessimo articolo stava per prendere fuoco",1,"",0
"R16L6G54AD6FOM","Cliente Amazon","Ottimo articolo in rappporto qualità prezzo.Consigliato.","Revisado en Italia el 27 de marzo de 2021","Di buona qualità!",5,"https://m.media-amazon.com/images/I/81fkJxKjSSL.jpg",0
"R2ISCEKFHT96KY","Cliente Amazon","Il tapis è arrivato oggi e non si accende il display quindi risulta non funzionante. L’assistenza Amazon mi ha riferito che non sono la prima ad aver fatto questo tipo di segnalazione. Procederò con la procedura di reso. No comment!","Revisado en Italia el 3 de marzo de 2021","Non funziona",1,"",0
"R10NZQ0SRDJJ3J","Cliente Amazon","e arrivato nei tempi stabiliti si monta in 5 minuti considerando il costo e' un prodotto da consigliare sicuramente.","Revisado en Italia el 6 de septiembre de 2020","prodotto buono",5,"","2"
"RDY8PTSW2SXYS","Cliente Amazon","Il tapisroulant mi è arrivato rotto, con una vite mancante tra l’altro. I braccioli del prodotto non si possono ne alzare ne abbassare. Sono alta 1.70cm quindi troppo bassi, la larghezza del tappeto, dove si cammina, è un po’ stretta. Il prezzo del prodotto, per un prodotto così è troppo eccessivo. Molto comodo invece il fatto che si può chiudere.","Revisado en Italia el 3 de septiembre de 2020","Prodotto arrivato rotto",1,"","7"
"R12N8EFD9YMRAS","Utente01","Super comodo e solido, da comprare assolutamente","Revisado en Italia el 1 de marzo de 2021","Ottimo",5,"",0
"R35BJ4YNRJOVD8","Livi@","Pessimo l'ho utilizzato 2 volte da quando mi è arrivato ... Neanche una settimana  e alla terza accensione nn dava segni di vita ... Il display nn funzionava più e nn attivava la pedana ... Restituito immediatamente .","Revisado en Italia el 10 de febrero de 2021","Ho avuto problemi",1,"",0
"R1LOT1NRRIQPX5","Amazon Customer","Davvero Sconsigliato. Ha una pendenza Importante  non regolabile che ho dovuto livellare con pile di libri... In più, ha smesso di funzionare dopo due mesi.","Revisado en Italia el 2 de julio de 2021","Sconsigliato",1,"",0
"R3HJ6JU85BNUGK","Laura","Pratico, maneggevole e salva-spazio","Revisado en Italia el 28 de marzo de 2021","Utilizzo semplice anche per inesperti",5,"",0
"R18KDG1UNE3XN3","armando","Scandaloso","Revisado en Italia el 22 de enero de 2022","Maaaa",1,"",0
"RE6QF32MAOPNW","Cliente Amazon","Buon prodotto da parte mia per adesso sono 2 giorni che l adopero sono soddisfatto","Revisado en Italia el 4 de septiembre de 2020","nessuna",5,"",0
"RYH97Z4UM618V","Alice","consigliatissimo, pratico e funzionale","Revisado en Italia el 19 de febrero de 2021","ottimo prodotto",5,"https://m.media-amazon.com/images/I/81vN+7mT5OL.jpg",0
"R1WYNCGVTJ66JC","Giorgio Rainone","Top👍","Revisado en Italia el 15 de abril de 2021","Consigliato",5,"",0
"R1W5QU8RWR1UIM","Fabio","Lo sto usando e posso dire di ottima robustezza e di ottima qualità","Revisado en Italia el 30 de agosto de 2020","Geniale ed economico.",5,"",0
"R345UYDMATKVGO","marianna","Ottimo prodotto","Revisado en Italia el 5 de marzo de 2021","Ottimo acquisto",5,"",0
"R3LQLT0TTNRQJP","angiuli cosimo oscar","Ottimo","Revisado en Italia el 25 de marzo de 2021","Ottimo",5,"",0
"R2WMEG95MFHZJ9","Valerio","Tt ok","Revisado en Italia el 4 de marzo de 2021","Tt ok",5,"",0
"RFGF6R6UAP4AK","giampaolo cassarà","NON FUNZIONA","Revisado en Italia el 15 de diciembre de 2021","NON FUNZIONA-NEMMENO SI ACCENDE",1,"",0
"R1SDUDYLEFV59X","Stefano","Buon prodotto","Revisado en Italia el 13 de febrero de 2021","Buono",5,"",0
"R3O58E7CVIEA4P","Cliente Amazon","Dopo averlo usato 10 volte, il motore fa fatica a parire e fa uno strano rumore. Bohhh","Revisado en Italia el 17 de abril de 2021","Motore parte a fatica dopo 10 usi",1,"",0
"RQ5N46LZ6EZOU","Bruno","Piaciuto nulla","Revisado en Italia el 28 de octubre de 2021","Nulla",1,"",0
"R36I4KWLODVXEC","Cliente Amazon","Comodo.","Revisado en Italia el 21 de febrero de 2021","Buon rapporto qualità prezzo",5,"",0
"R12S2TKQ2AP2GV","Mirko sampaolo","Rapporto qualità prezzo ok.. Lo consiglio sicuramente","Revisado en Italia el 8 de octubre de 2020","Tapis roulant",5,"",0
"R26LIHQDXFNG9L","ampolo alfredo","per fare un po di movimento","Revisado en Italia el 10 de octubre de 2020","e come lo volevo",5,"",0
"R21A6XID5XFBQV","Manlio Schiera","Dopo appena un mese il motore si è bloccato.... restituito.","Revisado en Italia el 10 de mayo de 2021","prodotto poco durevole",1,"",0
"R1VAMJENYLJVFR","luca","Buon rapporto qualità prezzo","Revisado en Italia el 19 de noviembre de 2020","Ottima qualità prezzo",5,"",0
"R3GMM1T9ETC1NV","Roberto","Perfetto e facile da usare","Revisado en Italia el 2 de octubre de 2020","Comodo e maneggevole",5,"",0
"R1PN6YAOSU28KH","Vale","Sto usando! Fine adesso è il top 👍","Revisado en Italia el 13 de julio de 2020","Ottimo qualità prezzo!",5,"",0
"R355NETNG38QI9","Domenico","Ottimo prodotto, semplice e pratico da usare","Revisado en Italia el 2 de julio de 2020","Tapis roulant ISE  sy-1006",5,"","2"
"R30FFTWVOBYMU","mirco","Oggetto come da specifiche","Revisado en Italia el 11 de septiembre de 2020","Buono.",5,"",0
"R31AS5ZAYGYKQ2","elegueru","Ottimo acquisto","Revisado en Italia el 20 de octubre de 2020","Ottimo",5,"",0
"R9K13B3ZWWJU5","Aldo","Per ora funziona molto bene","Revisado en Italia el 12 de agosto de 2020","Utile ,non ingombrante facilmente riponibile",5,"",1
"R2BR1P5HH2AJAH","oleh","OK.","Revisado en Italia el 25 de octubre de 2020","OK.",5,"",0
"R2QGAYKWTOYK8C","jimmy","Truffa","Revisado en Italia el 15 de agosto de 2020","Truffa",1,"","3"