"id","profileName","text","date","title","rating","images","helpful"
"R3GS7PNA0JX9QF","Toni Colet","Muy bien","Revisado en España el 27 de diciembre de 2022","Genial",5,"",0
"RGFLKBVDEZWIA","jacobo romero martin","Todo  muy bien","Revisado en España el 7 de octubre de 2022","Todo muy bien",4,"",0
"R3AZ35XROPGTTP","alfonso","Buena compra. Cumple con creces su función","Revisado en España el 25 de enero de 2022","Calidad precio perfecta",5,"",0
"RJJPZBDZMKLIB","M.P","Poca calidad, a mi ya se me a roto. Buscaré otro mejor","Revisado en España el 8 de agosto de 2021","Muy flojo",2,"","2"
"RM9DR7FWU44F8","Juanvi","Es un poco latosa la colocación en la máquina. Pero es eficaz para conservarla mejor.","Revisado en España el 8 de enero de 2021","Sirve para conservar la máquina",5,"",0
"R3TLZGV0GJW9HW","Julia","Le he tenido que poner unas gomas porque al coger aire parece un globo. El recubrimiento es muy delicado ya se ha pelado por algunos sitios.","Revisado en España el 19 de agosto de 2021","Es muy grande y es difícil de ajustar",1,"https://m.media-amazon.com/images/I/A1kX-Nsnh-L.jpg","2"
"R381PXHOPPKX8U","ESTER MADI CARALT","Genial","Revisado en España el 4 de marzo de 2022","Genial",5,"",0
"RCD1XWEQDHYJZ","paolo","Lo devi legare bene altrimenti lo perdi.","Revisado en Italia el 5 de junio de 2022","copri tapin rulant",4,"",0
"R1DS0WFJTLZJ4C","carlo d.","Devo ancora capire come si posiziona, e' un telo molto ampio e non veste perfettamente. Al momento sta facendo il suo dovere, proteggere il tapis roulant.","Revisado en Italia el 4 de mayo de 2022","Molto ampio",5,"",0
"R3KJQMCOSZKF51","Alessandra17 ","Ho un tapis roulant marca Tecnogym. Il telo è di buona fattura il materiale è sufficientemente spesso. Tiene bene in caso di pioggia. Purtroppo è troppo grande e i cordellini posti sui lati corti non consentono di chiudere bene e di aderire. In caso di vento - se deve essere utilizzato per spazi all’aperto- la copertura si solleva ad effetto vela quindi non è efficace se l’attrezzatura da coprire è inferiore alle misure del telo.","Revisado en Italia el 22 de marzo de 2021","Sconsigliato se le misure nn sono esatte e se deve essere posizionato su spazio all’esterno",3,"","2"
"R2I4FOEEYVRZNB","Vincenzo","Pratico maneggevole e si adatta benissimo , anche le molle sono molto resistenti ed il tessuto impermeabile e resistente","Revisado en Italia el 20 de febrero de 2021","Pratico e maneggevole",5,"",0
"R334K33TFHRTG0","Maurizio Stringone","Era esattamente quello che cercavo per coprire il mio tapis roulant.","Revisado en Italia el 5 de junio de 2021","Copertura tapis roulant",5,"",0
"RNB14ZGO84QCY","Cliente Amazon","Facile da mettere pratico e funzionale","Revisado en Italia el 19 de octubre de 2020","Copertura",5,"",1
"R2YZVWY9PG94HP","janl","Il est venu sans fermeture eclaire. Impossible de l ouvrir ou le refermer du coup… merci de renvoyer un nouveau ou de rembourser","Revisado en Francia el 5 de septiembre de 2022","qualité tres cheap",1,"https://m.media-amazon.com/images/I/61XGUEMG8uL.jpg
https://m.media-amazon.com/images/I/61y5jkL8JEL.jpg",0