"id","profileName","text","date","title","rating","images","helpful"
"R3PQO57U4JBWKG","Francisco ","El producto está bastante bien hasta que deja de funcionar, lo que en mi caso ocurrió apenas tres meses después de estrenarlo. Comuniqué el problema al fabricante, que a través de correo electrónico me pidió que le enviara vídeos de la cinta para ver lo que ocurría.La primera sorpresa es que tras ver el vídeo me dan una serie de instrucciones para que lo arregle yo mismo. En vista de que aquello no funcionaba y después de muchos correos de ida y vuelta me dicen que les envíe la cinta para su reparación.Para esa devolución exigen un embalaje de las mismas dimensiones que el original, de modo que tuve que encargar una caja a medida, un trabajo artesanal que es muy difícil que alguien haga para una única unidad.Aproximadamente un mes después de esta primera aventura la cinta regresó a casa reparada y funcionando con normalidad. Al igual que ocurrió la primera vez empezó a atrancarse y dejé de utilizarla.Volví a ponerme en contacto con estos señores a través de correos electrónicos. Fue necesario hacer una nueva caja con las medidas exactas del embalaje original, pero ahora me encuentro con la desagradable sorpresa de que ya no vienen a casa a recoger el paquete.En primer lugar me concertaron una recogida para el día 16 de noviembre. Estuve todo el día en mi casa y no vino absolutamente nadie ni me llamó ningún transportista argumentando problemas para la localización del domicilio, etc...Lo comuniqué de nuevo por correo. Pidieron disculpas y ofrecieron una nueva fecha de recogida: 23 de noviembre tras comprobar que los datos de domicilio y número de teléfono eran los correctos.La historia ha vuelto a repetirse. Nadie se ha puesto en contacto conmigo ni mucho menos ha acudido a mi domicilio para recoger el paquete.Parece evidente que no tienen ninguna intención de hacer la devolución del producto a pesar de los mensajes que remiten por correo electrónico.El producto es bueno hasta que deja de funcionar. El servicio posventa es pésimo desde el principio. Eviten esta compra si quieren evitar problemas.","Revisado en España el 23 de noviembre de 2021","Posiblemente la peor compra de mi vida",4,"","56"
"R1FE1JEPWM0WC6","Dos Rombos en la Cocina"," Después de mucho buscar y comparar, he acertado con esta cinta de andar, quería que fuese muy plana para poder guardarla bajo el sofá, aunque luego me di cuenta que también permite ponerla de pie con dos ruedecitas que lleva, lo muestro en la foto, y esto para mi ha sido lo más cómodo, así sólo la bajo sin esfuerzo cada vez que la voy a usar. Es muy cómoda de usar, ya que la manejas con un pequeño mando a distancia (permite subir y bajar de velocidad y también encender o apagar la cinta), yo lo que hago es sujetarlo en la mano todo el rato, así voy subiendo o bajando de velocidad, que por cierto en la máxima, que son 6 kms/h uno va dándole caña, me suelo hacer una hora todos los días y acabo sudando bastante, me viene genial para no perder el tiempo bajando a la calle y empiezo a notar que mi cuerpo lo va agradeciendo. La pantalla se ve muy clara, da la información justa y los números tienen un buen tamaño para verlos estando de pie. Tiene un altavoz bluetooth por si le quieres pasar música desde el móvil, es un extra que ni me había fijado que tenía cuando la pillé, pero mira por donde viene bien. Me ha gustado que tiene un sistema de seguridad para que los niños no lleguen y la enchufen sin más, tienes que tener presionado el botón del menos en el mando durante 5 segundos para desbloquearla y poder ponerla en marcha, además primero hay que darle un interruptor grande que hay en la parte inferior derecha de la cinta. A ver como va aguantando según le vaya haciendo kilómetros, iré actualizando la reseña.","Revisado en España el 17 de septiembre de 2020","Segura y cómoda de usar y guardar",5,"https://images-na.ssl-images-amazon.com/images/I/61KA2kuSNuL.jpg
https://images-na.ssl-images-amazon.com/images/I/71-m71u1jZL.jpg
https://images-na.ssl-images-amazon.com/images/I/71Na41X0lQL.jpg
https://images-na.ssl-images-amazon.com/images/I/71YrEy5rbQL.jpg","182"
"R2ETKMCTWVMEMK","Caribay","Con tantas lluvias, y el clima frío, es algo perfecto para caminar mientras respondo correos, o hablo por teléfono. No tiene velocidad para correr como tal, pero tampoco estaba buscando eso. El motor suena un poco alto, pero luego de 5 minutos lo ignoras. Es un poco pesada como para andarla guardando todos los días, así que la he dejado fija, pero tiene 2 ruedas delanteras que ayudan a halarla o empujarla cuando lo necesite. Esto junto con un escritorio que sube y baja, es perfecto para darle más movimiento al cuerpo","Revisado en España el 27 de diciembre de 2022","Excelente para trabajar mientras camino",5,"",0
"R141OVN8IEFZRM","Luz Patricia Cortes Andrade","No sirve para correr solo para caminar no la recomiendo en caso de que quieran correr. Intenté devolverla y nunca nadie vino a buscarla así que me la tuve que quedar.No la recomiendo","Revisado en España el 28 de enero de 2023","Cinta correr",2,"",1
"R24AV05ROIR5RL","Peliordo","Estamos muy contentos con esta cinta de andar"" ENCANTADOS"" cumple con todas las espectativas que se describe y la puedes guardar en cualquier lugar, hasta con poco espacio, bajo una cama, en el hueco de un dormitorio...sus medidas la hacen muy útil para colocarla en cualquier lugar.Con la ayuda de las ruedas delanteras No hay que desplazarla levantandola, no es necesario y así evitamos problemas de espalda.Nosotros optamos por la velocidad media de la cinta a paso ligero, trae un bote de aceite para rellenar en el déposito, una vez llegado a los 100 km.Por poner alguna pega, pues no trae funda protectora antipolvo pero, esta no esta incluida en la descripción, pero sería muy aconsejable para que el fabricante lo tenga en cuenta.Yo uso pulsera de actividad para ver con más exactitud las calorias gastadas.A consejo comprarla sin duda para andar, ya que dadas las circunstancias que tenemos con el Covid-19 se hace más necesario todavia.Espero poder ayudar a los demás con nuestros comentarios.","Revisado en España el 6 de febrero de 2021","Encantados con la cinta!!",5,"","3"
"R12KH19PSB7G05","Abraham Veciana Gutierrez"," cinta para andar / caminar y correr, con 6 velocidades, hasta la 5 puedes hacer el paso muy rápido y luego ya corriendo, subes las potencias cada medio punto. Las dimensiones son super correctas, la he utilizado cada día y hasta 1 hora y la he caminado y corrido y todo a ido perfecto, incluso con el móvil y el mando en la mano, he puesto el bluetooth mientras corría y puedo poner la llamada en manos libres o poner la radio, música, noticias o lo que quiera o nada, es super cómoda de transportar por sus pequeñas ruedas y sus soportes lo hacen fenomenal ya que te cabe de pie o de lado detrás de alguna puerta. No ha habido nada que hacer, solo sacarla de la caja y conectar el cable, darle al botón, activar el mando que te viene con pila, darle a iniciar y nada más. Aconsejo ir con zapatos adecuados, no descalzo para evitar que se limen las plantas de los pies jejejeje. Juro por mi vida que hacía décadas que no corría y me ha dado super confianza empezar a correr. Te mide el tiempo, la distancia, y las calorías. Ideal para ponerla en el comedor y ver una peli serie noticas o escuchar música a todo volumen con los altavoces integrados. Excelente diseño. Salud.","Revisado en España el 18 de septiembre de 2020","Estable, fina, potente, fuerte, segura, confianza, rutina, motiva.",5,"","63"
"RFW4P2P3BA48Y","eugashop","Es exacta a como se ofrece en el anuncio. Las velocidades se escalonan de media en media hasta 6. Adecuada para andar a varios ritmos y para trotar suave en puntos 5,5 y 6. No más. La unión del corte de la banda resulta poco estética, pero lo principal es que a la larga resulte fuerte y resistente. Trae instrucciones, aceite para lubricacion y el mando a distancia viene con pila. Incluye cables de conexión a la red eléctrica con enchufe de tipo europeo o americano. El Bluetooth funciona correctamente aunque el sonido del altavoz no es de muy buena calidad. La altura máxima real es de 11,8 cm. incluído el resalte junto al tapón de aceite: bastan 12 cm. para meter bajo una cama (leí algunas informaciones y respuestas a preguntas de otros clientes, todas incorrectas, contradictorias y poco esclarecedoras).  A falta de comprobar cuanto tiempo puede durar parece buena compra con una buena relación calidad-precio muy favorable.","Revisado en España el 21 de enero de 2021","Saludable , atractiva y con una buena relación calidad-precio",5,"https://images-na.ssl-images-amazon.com/images/I/A1+AEXdFrlL.jpg
https://images-na.ssl-images-amazon.com/images/I/A1izMDpYprL.jpg
https://images-na.ssl-images-amazon.com/images/I/B1V6pkAFsJS.jpg","26"
"R1P0L0B1FIKVVD","Cliente Amazon","La cinta cumple con mis expectativas, no es demasiado cara, y para andar esta genial, incluso para trotar,  he leído que había que presionar el botón del mando a distancia para activar la cinta, pero la mía se activa, pulsando el interruptor de on/offf, que viene abajo en un lateral de la derecha  y pulsando el botón de encendido del mando. En mi caso  el mando de la tele sube y baja la velocidad de la cinta, pero no creo que tenga nada que ver con la cinta en si. Estoy encantada, Se guarda de pie fácil en cualquier rincón, pero de guardarla debajo del sofá nada, al no ser que tengas un sofá con patas altas, si es normal no entra, tiene una ruedas para moverla porque pesa bastante y es muy practica. Lo dicho, estoy encantada con ella.","Revisado en España el 18 de enero de 2021","Encantada",5,"","3"
"RZCXNX0VLQEOO","Eguzsa"," Después de mirar muchas máquinas me decidí por esta, es fácil de usar y calidad precio es muy buena, teniendo en cuenta que la uso para caminar rápido, es suficiente, a mi me sirve incluso para trotar, le pongo dos sillas en el lateral para tener sensación de estabilidad (lo leí en un comentario), no hace mucho ruido, lo que se oye es la pisada más que la máquina, la tengo menos de una semana pero por ahora muy bien. Tras una hora de uso huele un poco a goma pero no más que en un gym. Pondré otro comentario cuando la use más. Primero quitar el papel blanco del mando, enchufarla y darle al botón rojo de abajo y darle al on y todo funciono correctamente, no la bloqueo porque solo la uso yo.","Revisado en España el 23 de noviembre de 2020","Excelente para el uso que le doy",5,"https://images-na.ssl-images-amazon.com/images/I/61vbt0h4PEL.jpg
https://images-na.ssl-images-amazon.com/images/I/71dUdh-D5vL.jpg","10"
"R3GRBWXWMFF3P8","JMV","Estoy muy contenta. Era lo que buscaba y que no ocupara espacio.Me decidí por esta cinta para mi cardio diario y moderado. No queria un trasto en casa o como acaban siendo percheros.La uso, y la meto debajo de la cama y comodisima.La recomende en mis redes sociales y van 5 personas que la piden y estan encantados.La velocidad máxima es de 6km/h y es perfecta para andar rápido o con alegría.Yo me hago sesiones de 30-40 min todos los dias y maravilla.","Revisado en España el 3 de febrero de 2021","Estupenda, cómoda y ideal para caminar",5,"https://images-na.ssl-images-amazon.com/images/I/C1UWSYaruZS.jpg","4"
"R10MIYI517I8TT","Jesús","Hace 2 días que la tengo. La valoro positivamente en: bastante silenciosa. los saltos de velocidad son de 0.5 Km cada vez. muestra el tiempo transcurrido, las calorías consumidas, la distancia caminada y la velocidad.La valoro negativamente en: cuando la desempaquete, escuchaba unos ruidos dentro de la maquina al moverla para sacarla. No le di mas importancia. luego al usarla ayer y hoy he visto como salían Chinitas de piedra, como el tamaño del maíz, por la parte de atrás. me ha mosqueado mucho. voy a esperar unos días y si veo algun problema la devuelvo. ¿Pero como acaban esas piedras dentro de la maquina que en teoría debe ser nueva?Edito: hace 45 días que la tengo, la he utilizado 1 vez por semana como mucho. Hoy se ha detenido bruscamente tras 25 min a velocidad 4 con el Error E002. La apague unos minutos y la reinicie. Tras 10 min se volvió a detener bruscamente. tendré que devolverla o enviarla a reparación.No la volvería a comprar","Revisado en España el 3 de diciembre de 2020","Tenia piedras tamaño maiz dentro de la cinta",2,"","21"
"RFTKN4AQNOZT9","Cliente Amazon"," - Perfecto- Cumple con todas las especificaciones.- Fácil de colocar y guardar- Ideal para hacer ejercicio en casa. NO es para correr, pero a la velocidad máxima (6Km/h) es un muy buen ritmo para andar.- Buenos materiales, fuerte y robusta.","Revisado en España el 6 de noviembre de 2021","PERFECTA",5,"https://m.media-amazon.com/images/I/81+bN8q5nxL.jpg
https://m.media-amazon.com/images/I/810VifvhMML.jpg
https://m.media-amazon.com/images/I/81Ale4PU4kL.jpg
https://m.media-amazon.com/images/I/81o28NKFBwL.jpg",1
"R39H36AXW91OER","Victor Carrasco","Es una cinta que está bien relación calidad precio. La puede manejar casi cualquier persona por las ruedas que tiene incorporadas. A mi me costó entender que para desbloquearla había que pulsar unos segundos el botón ""menos"" del mando que trae, pero salvo eso está muy bien. Ojo, esta cinta es para andar y como mucho trotar, no vale para correr porque no pasa de 6 Km/hora. esto hay que tenerlo en cuenta antes de comprarla, pero si tienes claro eso, es una buena compra.","Revisado en España el 10 de noviembre de 2020","Para tiempos de pandemia y días muy fríos es ideal",5,"","9"
"R2EMKBQXS108QS","Tatiana","Pensaba que haría menos ruido, incluso al encender y apagar emite un pitido que no se puede quitar. Pero en general funciona correctamente. Es solo para caminar tal y como indican.","Revisado en España el 15 de diciembre de 2020","Funciona ok",4,"",0
"R175DDXN9E6SJK","Teresa Fernandez","Estoy encantada, la quiero para andar en casa, no soy Runners. Es sólida y pesa más de lo que pensaba. Se puede guardar en vertical pero no sé sostiene sola.","Revisado en España el 28 de noviembre de 2020","Calidad precio Excelente",4,"",0
"R3NAGY0U1WHUFG","Cliente Amazon","Buen producto. Llegó en plazo y muy bien embalada. No hace demasiado ruido, lo guardo bajo la cama y no molesta, y para caminatas a buen ritmo de media/una hora diarias cumple su función. Los altavoces se oyen bien, pongo la música con el móvil y en marcha. Eso sí, responde con el mando de la TV de mi cuarto! Al subir el volumen se me subió la velocidad al máximo!!! Susto! Jajajaja","Revisado en España el 2 de noviembre de 2020","No ocupa espacio",5,"",1
"R1CHJZ7DY8IF0Z","carmen","Muy contenta con esta compra.buenisima relación calidad precio.De montaje plug and play y comodo para guardar tanto horizontal como vertical. Ideal para mantenimiento si no tienes tiempo de gimnasios.A la velocidad máxima consigues una carrerita trotona.Si quieres algo más potente,está no sería tu mejor opción. La recomiendo totalmente!?","Revisado en España el 16 de julio de 2021","Super recomendable",5,"",1
"RAX4JP7XX5G1F","Cliente Amazon","Para lo que la compre atiende todas mis necesidades, de momento. Solo llevamos usándola dos semanas, dos personas.","Revisado en España el 6 de diciembre de 2020","uso doméstico",4,"",0
"R2P0FSD3RHA8XP","Jose","Hola,  La cinta estaba funcionando sin problema, hast que un día empezó a oler a quemado y a desprender calor. El vendedor pretende que le pague yo el motor nuevo y que yo mismo lo instale y él me lo envía. No responde a la garantía. Voy a denunciarle por no cumplir la garantía que está obligado por ley. NO COMPRÉIS A ESTE VENDEDOR.","Revisado en España el 6 de junio de 2022","EL VENDEDOR NO RESPONDE A LA GARANTIA",1,"","11"
"R11C8SYKVH3HXG","Dora","Perfecta, muy útil, se guarda fácilmente, si quieres una cinta que no ocupe es perfecta porque cabe en un armario o bajo la cama","Revisado en España el 5 de octubre de 2021","Muy útil y fácil de guardar",5,"",0
"RA5C5C8NTY6FD","Maribel","Aunque la velocidad no es la esperada, cumple con las necesidades, estoy contenta.","Revisado en España el 30 de octubre de 2020","Me es útil",4,"",0
"RF0GVC34JYAI4","Paco Perez Gallego","Se utiliza para ""andar"" en casa los días que el tiempo no permite salir a la calle. Por ahora se ha usado poco. En mi opinión, se corresponde totalmente con la descripción del producto. A nosotros nos ha gustado. Contentos con la compra.","Revisado en España el 25 de diciembre de 2020","Fácil de guardar, ocupa poco espacio",5,"",0
"R2XVGHHNW788Y6","Mar","Me ha encantado.","Revisado en España el 15 de noviembre de 2020","Cinta correr para casa",4,"",0
"R9UF9KB6LT4EG","Marco","Es una cinta de muy buena calidad. Viene ya montada y no hace falta hacer nada sino andar.No es una cinta para correr porque la velocidad máxima es 6 Km/h.Buena compra","Revisado en España el 17 de febrero de 2021","Ligera y muy silenciosa",5,"",0
"R2LXS9VL20AGTF","Laura","Es todo lo q describe, fácil de montar ,no hace mucho ruido, va genial. Lo único negativo es q si usas el mando de la tele hace q suba o baje la velocidad","Revisado en España el 9 de noviembre de 2020","Genial",5,"",0
"R2XJXIA4Q6GL4G","Cliente Amazon","Calidades muy buenas , encantado con ella haber que tal aguanta  el paso del  tiempo ,lo recomiendo totalmente llego antes de el día acordado tardo 4 días en llegar .","Revisado en España el 31 de octubre de 2020","Perfecta",5,"","2"
"R3W0HVCHMFS29I","Cliente","Práctica para guardar, pero es muy pesada para manipular. Sino tienes suficiente espacio?? Pero si lo tienes, va muy bien para hacer ejercicio.","Revisado en España el 22 de febrero de 2021","Muy pesada, para manipular.",5,"",0
"R8W97LR53N8CJ","Maty","Estoy encantada, es justo lo q necesitaba. Es muy cómoda de guardar de pie, apenas ocupa espacio y el precio está muy bien.","Revisado en España el 7 de febrero de 2021","Encantada",5,"",0
"RIU5C12SXI3QP","MissyleBcn","Me encanta! Es muy sencillo de utilizar, ocupa poco espacio y funcciona muy pero que muy bien. Lo tengo desde hace un mes y lo estoy utilizando cada día.","Revisado en España el 13 de noviembre de 2020","Muy bueno",5,"",0
"R2P7H89YH7CDGV","francisco s.","Buena compra, quizás por ponerle un pequeño defecto, el no sea más rápido, pero bien, contento.","Revisado en España el 25 de noviembre de 2020","Relación precio y calidad",5,"",0
"R731FHOTH13BN","Belén Calderón Marcos"," Va bien.","Revisado en España el 11 de octubre de 2020","Suficiente para correr en casa",5,"","29"
"RV7V7Q2EFWQOU","Africa Calvo","la usamos en la oficina, para trabajar de pie y andando.","Revisado en España el 8 de enero de 2021","facil montaje",5,"",0
"RXOHT1M5GBN42","MRS Madrid","La cinta parece fenomenal, se enchufa y ya está. Pero el control remoto - que es la ÚNICA forma de controlar la máquina, es un pedazo muy barato de plástico, que ha llegado roto y no enciende. Por lo que la máquina tampoco... qué desilusión. VENDEDOR POR FAVOR CONTACTARME!!!","Revisado en España el 13 de octubre de 2020","No funciona el control remoto y por ende no hay forma de encenderla...",1,"","27"
"R1N4UGB0EVKFJ9","Santiago Rodriguez Jimenez","La tengo desde octubre, el primer mes y medio bien, después empezó a dar problemas y hoy directamente ha dejado de funcionar. Me puesto es contacto con la empresa, espero que esté en garantía.Una cinta poco usada y que ya no funciones no es buena compra.","Revisado en España el 7 de marzo de 2021","No vale",1,"","5"
"R1HQIFID2ESL3M","Beatriz","Por ahora todo OK.","Revisado en España el 3 de enero de 2021","Bien",5,"",0
"R28NMUWGZDQT8Q","laia fdez","Perfecta","Revisado en España el 7 de diciembre de 2020","Perfecta",5,"",0
"R1JJPM55KPIMGS","Josep","Genial","Revisado en España el 21 de noviembre de 2020","Genial",5,"",0
"R39TF9K4JV8LFS","Zakel","Funciona muy bien","Revisado en España el 12 de octubre de 2020","Esta muy bien",5,"",0
"R130NL5MXPLKU9","Mireia","No es una cinta de correr. Llega a los 6 km/hora, por lo que es una cinta de andar, no de correr. Por el precio que tiene creo que no vale la pena. El nombre del producto engaña bastante.","Revisado en España el 8 de enero de 2021","No es una cinta de “correr”",1,"","2"
"R19Q0OTAKJD2QC","Anton","El producto es muy facil de nontar pero en este caso no funciona y no se hacer, no puedo evaluar","Revisado en España el 10 de octubre de 2020","Que no funciona",1,"","5"
"R32YYSVFOK2K8W","Inmandala","La cinta se queda bloqueada, no va el mando","Revisado en España el 15 de noviembre de 2020","Si el mando no va la cinta se queda bloqueada",1,"","2"
"R2UN8UJZ8XFFU7","jose84","No lo recomiendo","Revisado en España el 4 de enero de 2021","No lo recomiendo",1,"","2"
"R29329DSOXAYFH","Luis miguel la pantalla se rompió dinde repararla?","Para caminar va muy bien aunque peso 120 kg aguanta bien ,poco ruido de noche no molestaria para sujetarte en caso necesidad coloco una silla el el lateral con el repaldo hacia mi para poner la mano , la recomiendo sin dudarlo","Revisado en España el 16 de febrero de 2021","Cinta para andar perfecta",5,"",0
"RSK0HX8865X4W","Samuel","Cómoda y sencilla. Pero para correr no sirve.Fácil de guardar.","Revisado en España el 27 de marzo de 2021","Si y no",3,"",0
"R2RYMVNXH0U8XS","M.E ","Me parece una porquería,estafa,ha dejado de funcionar ,y huele a plástico recalentado . Sólo la he usado unas 10 veces aprox. En menos de 3 meses y ha estado debajo de la cama. El vendedor no contesta los mensajes. No recomiendo su compra.","Revisado en España el 6 de noviembre de 2020","Cinta andadora",1,"","13"
"R2KCUEBM45HG3N","M. CARMEN MOYA","Ha llegado antes de lo previsto. El producto funciona perfectamente, es fácil de montar y de usar. Ocupa poco espacio. Y sólo es para caminar rápido, que es precisamente lo que andaba buscando. Gracias.","Revisado en España el 17 de diciembre de 2020","Fácil de Montar y Usar. Ocupa poco espacio.",5,"",0
"R1APN63JSPUJT5","Pérez-Haya ","Me hubiera gustado con un par de niveles más","Revisado en España el 1 de diciembre de 2020","Para andar más que correr",5,"",1
"RTRFE0M7RAI6N","Susana Martínez","Es lo que buscaba, se guarda bien y se conecta bien. Hay que tener cuidado con el equilibrio.","Revisado en España el 4 de febrero de 2021","De momento buen producto",4,"",0
"R3KPMFFEZ5DLH9","Salvador","Perfecta para andar a buen ritmo","Revisado en España el 27 de enero de 2021","Lo que esperaba",4,"",0
"R24RS6UL109NCZ","Marco Bazán","Muy bien, cómoda, se nota la raya del pegamento de la cinta, da mareo al bajarse. Lo normal.","Revisado en España el 13 de diciembre de 2020","Mal acabada y da mareo pero barata",5,"",0