"id","profileName","text","date","title","rating","images","helpful"
"R110OK7AZ8FUEQ","Naiara","Llego con un tornillo roto pero por lo demás funciona y anda bien en general estoy satisfecha almenos de momento","Revisado en España el 20 de enero de 2023","Satisfecha con la compra",4,"",1
"R3SXBGHE7GZ1E9","Alex","Algo pesada y también algo  de dificultad para plegar, pero buena cinta de correr.","Revisado en España el 21 de enero de 2023","Buena calidad",5,"","2"
"R1JGGUC6OWOC11","Charo G.","Ayer la estrene, no tengo nada que objetar. en cuanto al ejercicio. Ahora, si quieres plegarla todos los días harto difícil, págate un fisio","Revisado en España el 11 de enero de 2023","Buen producto",5,"","3"
"R25H4QDB0Z4TR","Adela María ","Decir que ahora mismo cuesta 499 (ha subido 40 € desde que yo la compre). Se siente robusta y estable apenas hace ruido. Muy facil de manejar a par de básica, echándose de menos algunos programas de máquinas más profesionales. No posee inclinacion.Aunque sea plegable pesa como un muerto, no es la típica que se puede meter bajo la cama en un plis pilas, se necesitan dos personas para manipularla ; además de que mide casi 40 cm de alto plegada y en pocas camas cabe, así que yo la tengo montada permanentemente. Otra cosa que me hace gracia esque las fotos que salen de ella están manipuladas, pues la máquina mide 157 de alto y a la modelo le llega por debajo del pecho así que esa mujer debería de medir casi dos metros, la intentan poner como que es una maquinita manejable y para nada es asi, lo pongo por si buscas ese tipo de máquina, ésta no es la tuya.Otro punto negativo esque trae una bandeja para colocar la tablet o el móvil pero no incluye los tornillos para colocarla, por el precio que tiene... Debería incluirlos por no decir que estuve dos horas buscandolos hasta que leí que no los trae: dos tornillos M8 que no son ni 0.50€. En definitiva para uso doméstico en estos tiempos que no podemos salir de casa hace bastante apaño lo que ofrece versus precio junto a las facilidades que ofrece amazon de lo mejor del mercado pero para alguien que quiera entrenarintensamente invertiría en una más profesional sobretodo con inclinacion.","Revisado en España el 12 de noviembre de 2020","Cinta de correr",4,"","30"
"R2C4LLJ73LN34Y","Fani","La cinta está muy bien, es robusta y bonita, aunque si la quieren para quitar y poner, para mi gusto no es Práctico porque pesa. Me llegó rapidísima y funciona bien. La única pega es que da frenazos en el modo carrera. Peso 57 kg y soy baja, pero bueno, tendré que acostumbrarme y agarrarme al correr","Revisado en España el 23 de noviembre de 2020","Máquina robusta y bonita",4,"https://images-na.ssl-images-amazon.com/images/I/71dN9g57tdL.jpg","28"
"R35QERFXKMHB42","h1tx.3","Esta cinta de correr se ve bien, funciona bien y es muy fácil de usar. La seguridad también es confiable, con llaves de seguridad para mantenerlo seguro en mayor medida. Es una buena opción!!!","Revisado en España el 15 de noviembre de 2021","Esta muy bien",5,"","2"
"RUE6J08P8UCG3","maite","en los brazos no va cubierto y pega calambres","Revisado en España el 27 de enero de 2023","pega chispazos",1,"",1
"RC44QQHO1JCJ4","Cliente Amazon","La cinta llegó muy rápido, antes de lo esperado. Funciona muy bien, es resistente. Puedo caminar y correr (teniendo en cuenta que es una cinta para casa y no una de gimnasio).Estoy contenta con la compra, lo recomendaría.","Revisado en España el 7 de abril de 2021","ME ENCANTA",5,"","5"
"R1QSPVRI0YBYGX","Arantxa L.","El envío muy rápido, en dos días la tenía y una semana antes de tiempo, así que genial.Muy fácil de montar y sencilla de utilizar, sin ocupar gran espacio pero a la vez sólida. Estoy encantada","Revisado en España el 21 de noviembre de 2020","Ideal para una casa no muy grande",5,"","4"
"R2224CASF42IE3","Josema","He recibido el producto y lo he probado todo muy bien valorado por mi parte….","Revisado en España el 17 de julio de 2021","Fácil de guardar y montar",5,"",0
"R36M4H4SJQKGVL","MariaPia","Premetto che ero indecisa se comprare un tapis roulant magnetico o uno elettrico ma, dopo 2 settimane di ricerche, sono arrivata alla conclusione che i magnetici siano specchietti per le allodole (in pratica funzionano come le cyclette: bisogna regolarli con quegli odiosi livelli di resistenza che danno l'impressione di star scalando una montagna! in oltre sia correre che camminare per lunghi periodi è impossibile. Proprio per motivi ingegneristici, per funzionare sfruttano una pendenza importante. Dopo 5 minuti di allenamento ci si stramazza a terra).Un tappeto da 300 euro secondo me è il giusto compromesso.Sinceramente ho scelto proprio questo modello perché era l'unico con la consegna al piano e, considerando che pesa 60kg, non è cosa da poco.Inizio subito con i lati negativi:1) sebbene sia dotato di ruote, non è pensabile spostarlo da una camera all'altra quando lo si desidera: è pesantissimo. In oltre è largo 1 metro quindi al 99% dalla porta nemmeno ci passa!2) non esiste il concetto di ""pausa"" ed il display non ha memoria! Appena si preme su ""stop"" tutti i dati vengono cancellati per cui, se a fine allenamento si vuole tenere traccia dei km percorsi o altri dati, invece di fermarlo vi conviene impostare una velocità bassa, anche 1kmh e, solo una volta sicuri di volerlo resettare, spegnere tutto3) il libretto delle istruzioni è palesemente tradotto con google translate, molte parole nemmeno esistono. Di solito questo problema lo si risolve leggendolo in lingua inglese ma anche con queste ci vuole un po' di fantasia per capire. Sinceramente non ho ancora capito come vada effettuata la lubrificazione, ho seguito un tutorial preso da youtube ma il procedimento indicato sul libretto era un altro!4) il vero punto dolente: a volte si prende la scossa, leggera ma la si prende. A me capita con i sensori del battito cardiaco o se utilizzo delle cuffie con il filo! Evidentemente da qualche parte si accumula della carica elettrica.Lati positivi:1) ovviamente il costo2) è molto robusto3) con 14 euro si può allungare la garanzia a 4 anni (grazie ad Amazon)4) la consegna viene effettuata fin dentro casa5) è veramente super silenzioso, si sente solo il calpestio dei vostri passi (se sentite altri rumori probabilmente è il segnale che va lubrificato)Qualche nota/suggerimento:1) la barra a led non serve assolutamente a niente. Sarebbe stato carino se avesse cambiato colore in base alle pulsazioni rilevate in modo da capire che tipo di allenamento si sta eseguendo2) altrettanto inutili le casse bluetooth, penso non le usi più nessuno3) data l'assenza di memoria ma la presenza del bluetooth, con 4 spicci avrebbero potuto creare un'app per il trasferimento/monitoraggio dei dati!4) essendo molto pesante andrebbe sollevato in 2, non perché sia difficile da montare (ha solo 2 bulloni) ma perché 60kg non si riescono a ""tirare fuori"" dalla scatola. Io ero da sola e mi sono arrangiata: se si taglia una parte corta della scatola, si riesce a metterlo in piedi e, utilizzando le sue ruote, spostarlo facendolo scivolare (c'ho messo oltre 30 minuti per trovare questa soluzione)Nel complesso sono soddisfatta e lo ricomprerei","Revisado en Italia el 24 de agosto de 2022","Voto 8 ma attenti alle porte!",4,"https://m.media-amazon.com/images/I/61o-kTIfFHL.jpg","22"
"R2IX06HSH0GLCH","TGV","Beau dising . Je que j'apprécie il est équiper d'une clé de sécurité qui se met à la ceinture comme cela si on tombe tout s'arrête de plus sa vitesse est de 1 km/h et variable jusqu'à 16 km/h se qui est rare sur les autres modèles et surtout pas chère.Plots n'hésiter pas il est génialVous pouvez connecter votre GSM à l'appareil pour la musique équipé bluetooth seul bémol il ne garde pas en mémoire vos informations à vous de les relevés en faisant une photo tableau de bord pour les informations tip top.Whats'eles 😀👍👍👍","Revisado en Francia el 11 de enero de 2023","Tapis de course",5,"",0
"RVPPCMK59GPSP","cp","Tapis roulant facile da assemblare visto che arriva davvero con 2 viti da sistemare...unica cosa è pesante per essere spostato con facilità come è mostrato nel video ..consiglio un posto fisso..ottimo sia per camminare che per correre visto le dimensioni e visto che arriva a 15km/h aggiornerò la recensione dopo un po' di tempo di utilizzo ...Nota a parer mio negativa ma non presenta un danno non reversibile del prodotto è la barra a led sotto il display che personalmente abbaglia..ma si può sistemare il tutto comprendono con magari un nastro colorato per ""spegnere"" un po' la luce abbagliante","Revisado en Italia el 25 de enero de 2023","Ottimo tapis roulant sia per camminare che per correre",5,"https://m.media-amazon.com/images/I/61NKnnHr6IL.jpg",0
"R3MG185PO01G6J","marc ","J’utilise le tapis pour 45 min de course tout les jours , le tapis fait très bien le boulot . Cependant il m’arrive régulière de prendre des petit cous de courant au niveau de la prise du rythme cardiaque positionner sur les bras du tapis .","Revisado en Francia el 15 de diciembre de 2022","Ensemble correct",4,"",1
"RBLNEH1K2OJ64","M. van der Plas","Deze loopband heeft een breed loopvlak van 46 centimeter. Dat zie je in deze prijsklasse niet veel, waar de meeste smaller zijn dan 40 centimeter. Hij is vrij stil, al hoor je het wel als je 'm op 12 km/uur zet. Maar op de benedenverdieping horen ze niets als ik boven aan het rennen ben. Ik heb het gevoel dat de loopband sneller is afgesteld dan de werkelijke snelheid. Met name bij 6 km/uur, wat toch een gewone wandelsnelheid is, moet ik al trimmen om het bij te houden. De 15 km/uur heb ik nog niet geprobeerd. Er is een mogelijkheid om de loopband via bluetooth te koppelen met je telefoon maar verwacht geen hoge geluidskwaliteit. Een klein gemis is het ontbreken van programma's voor bijvoorbeeld intervaltraining. Er is gewoon een simpele bediening met sneltoetsen voor 3, 6, 9 of 12 km/uur. Maar voor deze prijs vind ik dat prima.","Revisado en Países Bajos el 4 de noviembre de 2022","Brede loopband voor een mooie prijs",5,"https://m.media-amazon.com/images/I/613ujYeMdiL.jpg
https://m.media-amazon.com/images/I/71-iaxbiN0L.jpg",0
"R32J1MTKQ781JI","M.D","Nous n'avons jamais eu l'appareil pour la raison toute simple que le fabricant ne fournissait pas en Belgique. Mais le fabricant nous a prévenu directement et à tout remboursé dans les 48 heures. On peut donc dire que le fabricant est très honnête  et très réactif.","Revisado en Francia el 28 de diciembre de 2022","Livraison",5,"",0
"R35CHITKHV6P68","Giorgio","Tutto perfetto però è pesante anche se piegato si fa fatica ha spostarlo","Revisado en Italia el 30 de diciembre de 2022","Bello robusto",4,"",0
"R29LQGKMVY1TVA","R Hodge","heavy took three adults to get it out box and upstairs to bedroom ..easy to assemble happy with item but no way could this fold down an put away far to bulky and heavy needs to stay up all the time ..it was a hassle to get this out box and up and running so for that reason if i had known i would have not ordered","Revisado en Reino Unido el 5 de octubre de 2022","so heavy",4,"",1
"R1FYZJKS5GSH74","valerio","tapis roulant fantastico per chi è pigro e non vuole uscire.ottimo design e ottima la struttura cosi' come la larghezza.buone anche le velocita' ed i comandi.unica pecca, non ha programmi già memorizzati.però OTTIMO PRODOTTO QUALITA' PREZZO","Revisado en Italia el 21 de octubre de 2022","PERFETTO PER CORRERE IN CASA",4,"","2"
"R26EOOJJTYLB6J","Cliente Amazon","Oltre le mie aspettative","Revisado en Italia el 22 de diciembre de 2022","MERAVIGLIOSO",5,"",0
"RI7OOJVSPA40R","N+++++","Il prodotto è stato acquistato/venduto e spedito da SmartGo...Acquistato di Martedì e Consegnato Giovedì con Corriere Espresso Bastolini, spediscono direttamente da Milano. Durante il giorno della consegna,  Corriere vi contatterà per comunicarvi com un lieve anticipo, quando passerà a consegnarvi il prodotto, essendo un pò ingombrante, peso con imballo superiore al 60km, vi verrà incontro dandovi un aiuto per portarlo fino all'ascensore...Il prodotto arriva al destinatario altamente imballato e con tutta la dotazione necessaria per essere subito funzionale in circa 10-15 minuti per montare una coppia di viti per qualsiasi dispositivo compatibile con il bluetooth e 2 viti alla base, per fissare la struttura ""stabile"" prima di accenderlo ed utilizzarlo in sicurezza.Come ultimo passaggio bisogna agganciare il laccetto ""rosso"" calamitato subito sotto la console e legarselo al braccio, così in caso di necessità, il tapis roulant di interrompe immediatamente.Sono presenti 3 velocità pre-impostate: 3, 6, 12; regolabili manualmente a step di 0,1 da 1 fino a 15km/H.La console è touch, pochi pulsanti, ma quelli fondamentali per utilizzo anche quotidiano.Si riesce a visualizzare:• n. di calorie• m/km percorsi• secondi/minuti/ore percorsi• velocitàDopo aver finito di utilizzarlo, premete il tasto ""stop"" presente sulla console ed automaticamente arriverà il tappeto.Facilmente ripiegabile, semplicemente basterà allentare i 2 perni laterali presenti sotto il manubrio e stringerli nuovamente per fissarle.Si potrà Si conservare sotto un divano e/o letto oppure lasciarlo vicino una parete in piedi, avendo 2 piedini rigidi in prossimità delle rotelline che permettono facilmente lo spostamento.Considerando la dimensione della corsia del tappeto sia in lunghezza che in larghezza, è consigliato per persone alte max 1.75cm e un peo corporeo max di 100km (come da manuale multilingua presente nella confezione)2 anni di assistenza forniti dal Venditore, e kit di lunrificazione indispensabile per effettuare periodicamente la migliore manutenzione mantenendo nel tempo un eccellente stato ottimale del prodotto.Altamente consigliato per futuri clienti*****","Revisado en Italia el 4 de febrero de 2022","CITYSPORTS Cs-wp5 Pieghevole,Tapis roulant Elettrico 2HP 15 km/h",5,"https://m.media-amazon.com/images/I/61OICdYCauL.jpg
https://m.media-amazon.com/images/I/716IM9WSuEL.jpg
https://m.media-amazon.com/images/I/71FxepbCSZL.jpg","13"
"R1OPPAPIFCKXO5","Craig J. Tucker","For the money this is a decent treadmill. I am 6'1"" and 100kg and the deck is big enough for me to run on. Most in this price range top out at 12km/h whereas this one goes upto 15. I've not had it long but have done a 8km jog no problem and taken it up to 13.5km/h so far. As some have said there is no pause button but you can very quickly take it down to 1km/h. It's not a pause but it's good enough for me. The pulse measuring devices on the handles are a waste of time. Totally inaccurate and actually give you a significant shock if you touch them. I braved them to test and was getting a reading of 108 when my actual pulse rate was 170. The instruction booklet is a waste of time, very little information in there. I would like to know the best way to lubricate the belt for anyone who has done it. Do you loosen the belt first and if so is this done at the motor end or the back of the treadmill?","Revisado en Reino Unido el 30 de noviembre de 2021","Decent budget treadmill",4,"",1
"R88IL4DFEKGFY","Client d'Amazon","Bilan après essai, tapis très agréable, compatible pour les grands aussi c'est d'ailleurs pour la dimension du tapis que je l'ai choisi pour que mon homme puisse l'utiliser aussi, il fait 1m90, et il fait du 15km/h, moi je l'utilise plus pour la marche ou en fractionné avec de petites foulées.... le petit moins c'est qu'on ne peut pas enregistrer les infos passées, on repart toujours à zéro mais pas de surprise c'était prévu. L'enceinte n'est pas d'une Super clarté mais c'est acceptable pour ce que j'en fait. Très bon rapport qualité prix au final. Je recommande","Revisado en Francia el 12 de mayo de 2022","Très bon rapport qualité / prix",4,"","9"
"R2FM1KCYIVK4QW","sergio","Ottimo prodotto, il tapis roulant è molto robusto, un pò pesantuccio per richiuderlo e aprire ogni volta ma si sa le cose buone sono come devono essere e non fatto con materiali scadenti. Sono due settimane che ce l'ho e sono molto soddisfatto. Ps. l'unica cosa che avrebbero potuto fare era mettere un interruttore per spegnere la lucetta davanti, non serve a niente. Altro PS. mi sono accorto in questo momento che in due settimane dall'acquisto è diminuito di prezzo di almeno 50 euro.","Revisado en Italia el 23 de junio de 2022","Tapis roulant City Sports",4,"https://m.media-amazon.com/images/I/41P2SKdbT-L.jpg",1
"R1O97CKXWKQNSW","Antonio D.","Mi piace perché è leggero e riesci davvero a spostarlo in giro per casa ... si chiude ed è ottimo per chi ha problemi di spazio","Revisado en Italia el 30 de octubre de 2022","Moderato",5,"",0
"R2TTXYI18KGJCA","Gabriele Paci"," Preso con prime day a circa 280 euro, un affare.Ci vale tutti i soldi spesi.Larghezza del tappeto buona, avrei preferito poco piu largo ma va piu che bene.Un po di difficolta nel regolare il tappetto dritto e applicare l’olio/spray lubrificante.Per il resto e’ bellissimo, luci a led e leggera pressione sui tasti (quasi touch).Ha anche il collegamento bluetooth che a mio parere non serve perche come si vede dal video ho gia la plafoniera con bluetooth per ascolta musica mentre mi alleno.Soddisfatto!","Revisado en Italia el 22 de agosto de 2022","Soddisfatto",5,"https://m.media-amazon.com/images/I/61s-YpNotNL.jpg","5"
"R7U510ITQVYEU","fabio","Il prodotto è arrivato puntuale e ben imballato e il trasportatore me lo ha portato fino a sotto il portone gentilissimo.montato in due secondi non prevede grandissima difficoltà si configura immediatamente con il Bluetooth del telefono ma le casse dell’apparato non servono per poter fare la corsa e ascoltare musica.dalla camminata veloce alla corsa il tappeto resiste ora bisogna vedere soltanto nel tempo  il kit perIngrassare il tappeto è arrivato con l’olio tutto versato sul cartone quindi non più funzionante. Spero il motore ed il tappeto durino nel tempo per ora tutto bene lo usiamo con una media di quattro volte a settimana.","Revisado en Italia el 17 de abril de 2022","Buon prodotto x attività fisica.",4,"",1
"R7P5D1IR6THQF","RobertoT","Arrivato in ritardo dopo varie peripezie.....SDA. Il prodotto si presenta con un'ottima imballatura, enorme,..ingombrante....e molto pesante .....occorre essere in due ""uomini"" soprattutto per l'ingombro....Per le signore che intendessero ordinare il tapis, sappiano che al momento del ritiro deve essere presente un uomo d'aiuto, oltre ovviamente l'operatore che consegna il pacco. Premesso doverosamente quanto sopra, montato in 10 minuti e, dopo averlo lubrificato come descritto nei tutorial su Youtube, l'ho provato. Ovviamente per ora funziona bene tutto e il tapis da veramente l'impressione di essere un oggetto molto solido e funzionale.....mi riservo una sella in quanto trattasi di oggetto che deve essere performante a lungo termine......ottima la prima impressione.","Revisado en Italia el 29 de marzo de 2022","CITYSPORTS Tapis roulant-Elettrico 2HP",4,"https://m.media-amazon.com/images/I/71Q3-gifC3L.jpg",1
"R3VZX0LKGI71D7","Anesteticus","Arrivato senza manopole, pertanto non è utilizzabile, non sta fermo. . Mancano anche l'olio e le chiavi per serrarlo. In compenso l'imballaggio era pieno di muffa. Sembrava un ottimo prodotto e invece.... Ho contattato il venditore per risolvere la questione perché la macchina mi sembra valida (ma non posso verificarlo). Aggiornerò la recensione, anche se , probabilmente sarò costretto a fare il reso. Resta comunque piuttosto grosso e pesante e non semplicissimo da spostare.UPDATE: il venditore sembra disponibile ad inviare il materiale mancante. Aggiornerò la recensione non appena potrò verificare il funzionamento del tapis.UPDATE: il venditore ha inviato quanto mancava. Il tapis funziona piuttosto bene, ma resta rumoroso nell'uso a velocità sostenute. Risulta pesante e ingombrante. Poco pratico il meccanismo di chiusura con staffa dwlle ruote da agganciare sotto il tappeto ogni volta (si fa fatica). Risulta scomodo da spostare. Da acquistare solo se non si prevede di chiuderlo ad ogni uso.","Revisado en Italia el 20 de julio de 2022","Mezza delusione",3,"https://m.media-amazon.com/images/I/71PYITW12ZL.jpg
https://m.media-amazon.com/images/I/71VwsUS3wYL.jpg","4"
"R35I50UOONKGAN","Francesco","Ne cercavo uno che si potesse chiudere e che occupasse poco spazio ma che al contempo ti permettesse di correre. Di piccoli su amazon ce ne sono parecchi, salvo poi leggere che raggiungono massimo 6-7km/h quindi buoni per passeggiare ma non per correre.Questo prodotto è minimale, ma fa quello che serve, non ha programmi, non ha pendenze o funzionalità strane. Imposti la velocità (arriva fino a 12km/h) e corri. Un cronometro ti dice quanto tempo è passato ed un contatore ti dice quante calorie hai speso. Ha delle casse bluetooth ma anche al massimo volume comunque il suono viene coperto dal rumore del tapirulan in movimento (e del tuo che ci corri sopra). Quando si chiude è abbastanza piccolo. La chiusura però è demandata da alcune manopole a vite, comunque semplici da avvitare/svitare ma non immediate come potrebbe essere un meccanismo di blocco/sblocco con pulsante o leva. Ultima accortezza: fatevi aiutare dal corriere a portarvelo fino a casa (oppure aiutate voi il povero corriere) perchè pesa veramente tanto, anche in 2 si fatica.","Revisado en Italia el 3 de diciembre de 2021","Piccolo e ci puoi correre",5,"",1
"R3S6B0JKINVXH1","Alfredo iozzino","Mi trovo bene anche ma c'è di meglio","Revisado en Italia el 7 de noviembre de 2022","Prodotto spendi poco e ti diverti",3,"",0
"R2RQS8OVPMMUMH","Sam","Devo dire che come tapis pagato 400€ non è affatto male, resistente, facile da usare e non molto ingombrante.Qualche pecca nella progettazione, tipo l apri e chiudi del tapis poteva essere un po più semplice, manca il tasto pausa, perché non includerlo?🤔E infine l inclinazione, inesistente.In generale per il prezzo pagato ci può anche stare ma potevano fare di più cmq consigliato💪","Revisado en Italia el 30 de enero de 2022","Buon prodotto ma..",4,"https://m.media-amazon.com/images/I/61EIP-u+zLL.jpg
https://m.media-amazon.com/images/I/61KBrADlYbL.jpg",1
"R3PQMGAQBYH3S3","JaneSheff","It's heavy to move around and close up to standing, but don't really do that, just leave it down. Makes a lot noise, but otherwise perfect for what I needed. You can attach your Bluetooth to its speakers, but it's not very loud","Revisado en Reino Unido el 11 de junio de 2022","Great treadmill, but very heavy",5,"",0
"R3OIWJW0GER4DG","Lara","Lo trovo ottimo da appartamento, chiaro se si corre o cammina veloce e sotto si hanno vicini lo sentiranno, tuttavia non lo ritengo rumoroso avendone provati altri. Solido, ben fatto anche esteticamente bello. L'ho scelto apposta cercando di unire un minimo di design alle prestazioni tecniche. L'ho testato solo fino a 12 di velocità ed è ottimo. Altra cosa importante ha il sistema di sicurezza. Si può ascoltare musica collegando il bluetooth.Migliorerei invece per quanto riguarda la presa. Risulta scomodo non avere maniglie frontali e bisogna prestare attenzione a quelle laterali perchè sono posizionate verticalmente i comandi sopra di esse e non c'è abbastanza spazio tra di esse, quindi si rischia (a me è successo) di premere lo stop durante la corsa/camminata per errore, mentre ho solo appoggiato la mano","Revisado en Italia el 27 de abril de 2021","Ottimo per appartamento, migliorabile sistema di appoggio mani",4,"","63"
"R1NTRIPTP6ZWHT","Amazon Customer","Troppo pesante e ingombrante ci sono volute tre persone x salirlo sopra al secondo piano massimo ne vale 4 stelle come prodotto, come prezzo 2 stelle costa un po’ troppo","Revisado en Italia el 25 de abril de 2022","Ingombrante è difficile spostare da una parte al altra",4,"",0
"R3MR746JMRBP0G","Valentina Spallina","Appena arrivato oggi, già dal peso si capisce che è bello robusto. L’ho montato in pochi secondi , oleato è fatto partire. Molto silenzioso devo solo sistemare la tensione del tappeto e poi mi metterò sopra ad allenarmi 💪🏼💪🏼💪🏼","Revisado en Italia el 19 de agosto de 2022","Robusto, silenzioso e ottima qualità prezzo!",5,"",0
"R1ZM1GDYPRU9GY","Cinzia c.","Facile da montare e usare,buon prodotto","Revisado en Italia el 6 de junio de 2022","Buon prodotto e ottimo rapporto qualità prezzo",4,"",0
"R1Y5HGBOARGJO2","Giusy L.","L'ho acquistato pochissimo tempo fa, ma da quel che vedo sembra un buon prodotto. È molto facile da montare, la robustezza è sicuramente uno dei punti a favore e anche il rapporto qualità-prezzo non è male. Col tempo vedrò se è davvero un buon prodotto o meno.","Revisado en Italia el 18 de febrero de 2022","Prodotto apparentemente molto buono",4,"",0
"R1OEMAZHLLZ0EJ","Romulus46"," Perfetto per quanto riguarda il rapporto qualità/prezzo. Tengo a precisare che ho 98 kg e pure non  da nessun segno di affaticamento quando mi metto a correre...","Revisado en Italia el 21 de agosto de 2022","Sorprendente!",5,"","3"
"RYC5AM5VI85JH","Arcy","Mi aspettavo di ricevere a casa un salvaspazio tipo giocattolo e invece sn arrivata a casa e quando l'ho visto montato sn rimasta senza parole.Design fantastico, illuminato, altroché salvaspazio.. è una bomba..ho camminato e corso x un'ora assolutamente silenzioso,superOgni tanto un cigolio oppure uno strusciare del nastro ma x qst credo Ke contatterò l'assistenza nel caso abbia sbagliato qlk passaggio di installazioneÈ pesantissimo, troppo troppo pesante, è stata un'impresa salirlo,ci vorrebbero due persone però felicissima, soddisfatta.Se ci fosse stata la pendenza avrebbe fatto un baffo a tt gli altri tapis roulant sul mercato.","Revisado en Italia el 19 de marzo de 2022","Super tapis roulant",5,"",0
"R1OVXURREEJJ0F","alex","Sul prodotto al momento niente da osservare. Sembra sufficientemente robusto e il montaggio è abbastanza semplice. Unico neo il manuale di istruzioni che è tradotto in un italiano piuttosto ""maccaronico"" e, quindi, è più semplice e immediato arrivarci con l'intuito.Veramente disastrosa la consegna. La consegna è stata fatta molto in anticipo rispetto alla data programmata e senza nessun preavviso. Mia moglie era in casa e non ha potuto ritirare, in quanto è un imballo non solo pesante ma anche molto ingombrante e non semplice da movimentare. Risultato: il corriere ha abbandonato l'imballo nell'atrio del portone e solamente la sera di rientro dal lavoro sono riuscito a portarlo fino al mio appartamento (V° piano). Con un pò più di organizzazione e comunicazione certe situazioni si possono evitare.","Revisado en Italia el 10 de enero de 2021","OK per il prodotto, no per la consegna",4,"","65"
"R34AWOJ0VU7C6Z","Giulio","Facilissimo da montare, basta avvitare due perni ( peccato che uno di questi non avesse il filetto e quindi ho potuto solo infilarlo, sperando che regga). Per il resto fa il suo lavoro egregiamente. Usato da più di un mese, quasi tutti i giorni. Unico problema riscontrato il consumo della gomma del rullo. Ogni volta infatti trovo sella polvere nera alla fine del tapis roulant. Altro difetto, lo speaker ha una potenza molto limitata e se corri con il rumore della macchina copre quasi completamente l'audio. Si può fare di meglio..","Revisado en Italia el 27 de marzo de 2022","Non male",3,"",0
"R20BSY41I6Y7WO","francesco","Sono alto 186 e peso 94 kg,per me è perfetto ho fatto un'ora a 7km/h e posso dire che è molto buono, è stabile e silenzioso.","Revisado en Italia el 28 de agosto de 2022","Tapis roulant semi professionale",5,"",1
"RY9KBBWAC57XS","Gianni","Dopo aver tenuto sott'occhio per alcune settimane i diversi tapis roulant offerti su Amazon ed altri siti, ho optato per questo modello per i seguenti motivi che confermo anche ora dopo i primi giorni di prova: minimo spazio occupato quando foldato, relativamente leggero da essere spostato, display essenziale senza pretese di voler emulare un tapis roulant professionale (che nessuno in questo range di prezzo è), abbastanza silenzioso, tappeto di corsa sufficientemente ampio (sono alto 1.75), velocità max che permette anche allenamenti in variazione di velocità. Consapevole che il prezzo sia inflazionato per via della situazione, e che ho scartato altri modelli non disponibili prima di un paio di mesi), per il momento sono soddisfatto della scelta, con la speranza di poter confermare le prime impressioni e la qualità nel lungo periodo.","Revisado en Italia el 7 de diciembre de 2020","Prime impressioni positive",4,"","61"
"RL2RVJVSIE3VQ","Antonia rotondo","Ottimo tapis roulant....sembra robusto  e anche se si corre non fa molto rumore...mi piace....non c è  nulla da montare  praticamente  già  è  pronto all uso...ha delle luci led simpatiche  e delle casse per ascoltare  la musica ..basta collegare il cellulare  via bluetooth...è  da 1 settimana che lo usiamo...ottimo...si corre già  con programma 7/8 ....Ha delle rotelle che facilitano  il trasporto...l unica pecca che non sta in piedi da solo...pesa e quindi  deve essere sostenuto da un mobile ..o riposto verticalmente tra un mobile e un muro...però  ottima scelta lo ricomprerei","Revisado en Italia el 7 de marzo de 2021","Ottimo  prodotto",4,"","70"
"R1WDASM9OCA850","Alessandro","Facile da montare... già predisposto... bisogna solo agganciare 4 viti....","Revisado en Italia el 30 de abril de 2022","Buon prodotto per l allenamento in casa",4,"https://m.media-amazon.com/images/I/71AjMljQmQL.jpg",0
"R12APQTCJ9353U","Raffaelo Massa","preso in offerta nel prime day , materiali sono buoni con estetica moderna.per adesso tutto a posto con questo marchio che non ho mai sentito parlare speriamo bene","Revisado en Italia el 6 de agosto de 2022","ottimo qualità prezzo",5,"",0
"R1ZVD85OW9LYU6","Nicky","Really happy with the treadmill.  Feels sturdy with a good sized running space.  Really pleased it goes up to 15km.  Only a couple of small niggles, wish it came with an app to track your progress rather than the blue tooth speaker I never use and wish you could pause it rather than just stop as you lose your progress.  Overall very pleased with it and is encouraging the whole family to exercise more.","Revisado en Reino Unido el 23 de febrero de 2021","Very pleased with it",4,"","54"
"RCFI7J2W89QQW","Bernardo ","Il prodotto in sè non è male. Lo uso da un mese e mi sto trovando bene almeno nelle sue funzioni basiche (correre ), ma purtroppo c'è una grave pecca. E' troppo pesante e scomodo. Non è assolutamente vero che ogni volta che finisci di usarlo lo puoi ripiegare e mettere in un angolo, ma nemmeno sotto il letto (talmente è pesante!). I 2 manici dove poter appoggiare le mani sono super scomode. Ogni volta che voglio piegarle per avere una parvenza di ordine, devo svitare le 2 manopole che stanno al lato del tapis roulant in basso, per poi riavvitarle al successivo riutilizzo. Insomma, se avete spazio in casa per lasciarlo sempre fisso in un punto, allora lo consiglio, altrimenti, se tenete anche all'ordine, lo sconsiglio vivamente...","Revisado en Italia el 2 de noviembre de 2021","S C O M O D O!",3,"","89"
"R3OXECHHBU429L","Vincenzo Cugno Garrano","Il Tapis roulant è veramente di buona qualità. Robusto e perfettamente funzionante. Le 4 stelle sono soltanto perché ha 3 stupidaggini che possono essere aggiustate sicuramente nel prossimo modello....1’ dovrebbe avere il tasto pausa che ti permette di continuare l’allenamento 2’ la frequenza cardiaca non è reale e 3’ sul manubrio dovreste distanziare il tasto di emergenza di stop dalle barrette che prendono la frequenza cardiaca perchè troppo vicini e capita di spegnere il Tapis roulant mentre ti alleni. Lo Sto usando da una settimana e sono soddisfatto di come posso correre e di quanto sia silenzioso.","Revisado en Italia el 12 de febrero de 2021","Buon prodotto da migliorare",4,"","71"
"R5RSPGDRZBIZ2","Giangi","Il tapis roulant funziona esattamente come da descrizione. Non è leggerissimo da spostare infatti ho optato per lasciarlo montato. Lo uso ogni giorno sia per camminare che per correre e non è rumoroso in camminata mentre i passi durante la corsa lo sono. L’ho ricevuto con una piccola spaccatura nella struttura inferiore ( non si vede da montato ) che non ne inficia il suo funzionamento, probabile dovuta dal trasporto. È stato facile da montare e trovo abbia un ottimo rapporto qualità-prezzo. Arrivato nei tempi previsti di consegna. 4 stelle solo per la spaccatura ( dovuta credo alla consegna ) altrimenti sarebbero state 5.","Revisado en Italia el 12 de diciembre de 2020","Decisamente soddisfatto!!",4,"","48"
"R28TQLXJOFSBD3","Roberto","Ottimi i tempi di consegna. Ordinato domenica 31/01 arrivato venerdì 05/02 (piemonte). Imballo integro e tappeto senza alcun segno, quindi ttt ok.Facile da mettere in funzione.Ottimo x camminata veloce ma anche x correre (sono alto 1,84 mt e riesco correre senza difficoltà )Molto bello il design. è esattamente come immagine rappresentata.Molto silenzioso. Molto stabile e robusto. Un po' pesante, i suoi 50 kg si sentono tutti nel chiuderlo e riaprirlo.Piccolo difetto : il perno/manopola di dx non chiude bene quindi il montante si muove leggermente.In conclusione: molto soddisfatto","Revisado en Italia el 6 de febrero de 2021","Tutto ok",4,"","66"
"R4N0GQ2AHIAN1","Matteo Mugno","Prodotto di ottima fattura e ottimo rapporto qualità prezzo. Spedizione con prime, il prodotto arruva dopo 2 settimane dall'acquisto. Basito. Casse audio del 1990. No comment. Poteva essere un prodotto da 6 stelle su 5 se avessero messo delle casse almeno decenti.","Revisado en Italia el 29 de mayo de 2022","Ottimo prodotto, casse pessime, spedizione 0 spaccato.",3,"",0
"R15FDZLY7G0IHC","Pasquale F.","Ho usato il tappeto 3 volte per 30 minuti. Mi sembra un ottimo prodotto, facilissimo da montare (4 viti in tutto). Arriva fino a 12 km/h e non è rumoroso. Ha i comandi anche sui braccioli, compresa la frequenza cardiaca. Non male anche le casse bluetooth. Per ora tutto ok.","Revisado en Italia el 7 de mayo de 2022","Tapis roulant che mantiene le sue promesse",5,"https://m.media-amazon.com/images/I/710MMHYvrML.jpg
https://m.media-amazon.com/images/I/713bkkPtJCL.jpg",0
"RY7NH48WP4A6F","Giuseppe1989","Dopo un'attenta analisi e ricerca di prodotti simili ho scelto questo prodotto per 3 motivi:ampiezza pedana - peso e materiali utilizzati- semplicità software.La pedana di 46 cm risulta essere più larga rispetto a prodotti analoghi ed abbastanza resistente, il tapis roulant è ben rifinito e con molto ferro e poca plastica il che lo rende anche abbastanza pesante ( in maniera da ancorarsi meglio al pavimento e non subire movimenti durante l'utilizzo). Infine il software semplice, senza programmi e sensori inutili che in caso di malfunzionamento bloccano l'utilizzo.Dopo un utilizzo di 1 settimana e una media di utilizzo di 2 ore al giorno va benissimo. Bluetooth collegato al primo tentativo. Il prodotto arriva non lubrificato quindi prima dell'utilizzo procedete ad ingrassare la pedana","Revisado en Italia el 4 de mayo de 2021","PRODOTTO VALIDO E ROBUSTO",5,"","70"
"R120JW41EAMJWT","Amy Harvey","Really happy with my treadmill - really sturdy and looks just as described. Took a while for this to be delivered and the delivery service DPS actually sent me a text arranging delivery with ‘??????’ Which is highly unprofessional, however I cannot fault the provider who was in touch regularly","Revisado en Reino Unido el 1 de abril de 2021","Good Treadmill",4,"","49"
"RC7ZJNZWE39JM","Raf","Lo sto usando da 10gg e rispecchia le aspettative, motore 2hp abbastanza silenzioso, sapevo che non aveva programmi di allenamento e l’inclinazione ma le cose essenziali ci sono, display con metri/calorie/pulsazioni è una cassa Bluetooth per sincronizzare la musica dal telefono o iPad, design molto bello ed è pieghevole. Il conclusione per il prezzo che ho pagato va più che bene, mi serve per mettermi in forma, non sono un atleta professionista e per quello ci vogliono attrezzi particolari, lo usiamo io e mia moglie con risultati soddisfacenti.","Revisado en Italia el 22 de noviembre de 2020","Bel design, silenzioso, semplice da usare.",4,"","61"
"R3RW0Y7X3SSYAF","Chris Doyle","Treadmil is great to run on. Its quiet and comfortable. Only downside is it doesn't have a pause button if you need to pause your activity and if you accidently hit the stop button(which is easier than you might think) your run stops and the your distance and time disappears immediatly","Revisado en Reino Unido el 26 de febrero de 2021","Good to run in could do with a few extra features",4,"","49"
"R2ERCLZ7WAXLEU","Tiziana Mariani","Io lo uso prevalentemente per camminare e sono soddisfatta per il momento. Il conta battiti non funziona. Il conta km e il consumo di calorie, sì, speriamo. Alcune viti interne non sono ben avvitate e non c'è modo di stringerle: speriamo che tengano. Visto che non costa poco, potevano essere più accurati nell'assemblaggio. Un po' pesante da riporre, ma credo che sia il prezzo da pagare per avere un prodotto robusto. Consiglio l'acquisto.","Revisado en Italia el 28 de enero de 2021","Buon rapporto qualità / prezzo",4,"","60"
"R3V77MBXJC53OX","Irene","Il tapis roulant è in ottime condizioni, è facile da montare grazie al manuale, ho provato le diverse velocità, davvero buono. Consigliato","Revisado en Italia el 1 de julio de 2022","Perfetto, funziona bene",5,"",0
"R2IM7P2J6QO9FO","Anonimo ","Miglior tapirulan qualità prezzo che arriva a 15km/h!!","Revisado en Italia el 5 de agosto de 2022","Tapirulan",5,"",0
"R3D0OHY9IR2JVU","Richard Horn","This treadmill arrived promptly and I set about assembling it. Once assembled I turned it on and nothing? No display or lights? I turned it off and reread the instructions but could not see anything wrong. So I turned it on again. There was a bang and the circuit breakers in the house tripped. There was a smell of burning. So I reboxed it and am waiting for it to be picked up! Through Amazon the suppliers contacted me and wanted a video so they could see what the problem was?","Revisado en Reino Unido el 13 de octubre de 2022","Easy to assemble",1,"",0
"RXF008Q81H1QO","Cliente Amazon","Il prodotto è ben fatto..l’unica cosa non all'altezza,decisamente da migliorare è la qualità del audio bluetooth","Revisado en Italia el 8 de julio de 2022","Tutto sommato buon prodotto",5,"",0
"RM8NB010U9QA6","daniele","Ho ordinato il Tapis il 01/02/21 consegna prevista dal 9 al 12/02. Il 03/02/21 lo avevo già in casa pronto all'uso. Per ora l'ho usato solo 3 volte ma mi ritengo soddisfattissimo molto robusto e pesante ( l'ho scelto anche per questo correndo non si muove di un millimetro) Si chiude svitando 2 perni e occupa davvero poco spazio vedi foto. Non ha inclinazione e programmi vari ma secondo me per chi vuole tenersi in allenamento e' ideale Lo consiglioDanieleA 9 mesi dall'acquisto devo dire solo bene veramente un ottimo prodotto. Lo uso 3 volte alla settimana con sessioni di minimo 1,5 ore a dei lunghi di 3 ore a tutte le velocità. Fantastico","Revisado en Italia el 5 de febrero de 2021","Molto robusto senza tanti fronzoli ideale per chi vuole correre",5,"https://m.media-amazon.com/images/I/81idIA-t3QL.jpg","60"
"RVT16VSTRHGHA","TLEONE","Tapis roulant bello esteticamente. La nota negativa é che alla fine dell'allenamento non ti calcola il tempo medio e non memorizza il lavoro fatto come il tempo per KM o altro. Inoltre non é semplice da piegare e riporlo dove vuoi in quanto per piegarlo é necessario un cacciavite ed é un po pesante per trasportarlo nonostante le ruote","Revisado en Italia el 24 de diciembre de 2021","Non facile da piegare",3,"https://m.media-amazon.com/images/I/61dZqxNgFpL.jpg
https://m.media-amazon.com/images/I/61x3RqqwxIL.jpg",1
"R362FD9PV1IA2P","Daniele","lo stò usando da qualche settimana e rispetta le mie esigenze. L' acquisto rispecchia le caratteristiche previste ed è arrivato perfettamente imballato con nessun problema o danni e con qualche giorno di anticipo. Lo consiglio per un utilizzo da allenamento semplice. Un pò pesante per lo spostamento ma è tutto a vantaggio della robustezza.","Revisado en Italia el 12 de abril de 2021","impressioni",4,"",0
"R26T89C4RVPGE5","Emanuel","Arrivato dopo solo 5 gg, lo sto utilizzando da un paio di gg e devo dare un voto molto positivo. Peso poco piu di 90 kg e avevo timore non fosse resistente.  Invece è molto solido e mi sto trovando bene.  Il display è di facilissima intuizione e il rapporto qualità-prezzo è ottimo(essendo pieghevole).  Se devo dire qualcosa di poco negativo è il peso( bisogna mettere in verticale una struttura pesantina, sui 60 kg), e nel display non sono previsti programmi(appare calorie/distanza e battiti).  Lo suggerisco anche perché arriva a 15 km/h","Revisado en Italia el 2 de abril de 2021","Ottimo rapporto qualità-prezzo",5,"","58"
"R1TIHHFFWHQVC1","Matteo","Ottimo rapporto qualità prezzo (379€). Robusto e silenzioso. Adatto alla corsa fino a 15 km\h.Nastro spazioso. Bel design.Sprovvisto di programmi di corsa e inclinazione.","Revisado en Italia el 3 de mayo de 2022","FANTASTICO",5,"",0
"R1IGS0AJW0IKVL","Cliente Amazon","Tapis roulant abbastanza solido e molto belli esteticamente con i led davanti allo spazio di corsa. Peccato per l'assenza di programmi e dell'autolubrifucazione  dato il prezzo comunque non economico. Noi lo usiamo circa 3 h al giorno a velocità 7 e in queste due settimane non ha dato problemi","Revisado en Italia el 27 de marzo de 2021","Buon tapis roulant",4,"",0
"R2PHSS53ID9RSP","claudio","Provato ed è al momento un prodotto top👍","Revisado en Italia el 30 de junio de 2022","Al momento ottimo prodotto!!! Consiglio di acquistarlo",5,"",0
"RX9SAQFUEPZUA","Cliente Amazon"," Ottimo rapporto qualità prezzo, anche il livello dì robustezza non è per niente male, anzi per il prezzo che ha è molto buono.Come tapis roulant è abbastanza silenzioso e pratico.L’unica pecca il monitoraggio della frequenza cardiaca e delle calorie che non si capisce.","Revisado en Italia el 5 de abril de 2021","Consigliato",4,"","2"
"R3LY176VNKLFIV","Dario Trucco","Consegna in 3 gg lavorativi a dispetto dei 10 gg indicati sul sito. Quindi ottimo! Pacco pesante, quindi da portare in casa in due. Si monta con due viti di bloccaggioPer ora l'ho usato 4 volte facendo 8km a 13km/h di media. L'impressione è assolutamente positiva. Struttura robusta, motore abbastanza silenzioso.Essenziale nel software, ma è proprio quello che serve a chi vuole ""solo"" correre... Quindi non ci sono i mille programmi spesso inutili.Io l'ho pagato 460€ (ho visto che ora costa di più), ma visto il prezzo dei concorrenti sarei disposto a pagare anche di più.Ultima indicazione: lo sconsiglio ai corridori più alti di 1.75/1.80. Dipende poi dal tipo di falcata. In definitiva, acquisto assolutamente ottimo.","Revisado en Italia el 14 de noviembre de 2020","Ottimo da ogni punto di vista",5,"","102"
"R3T09XTA1PZ2J5","Client Amazon","J utilise ce tapis après une opération du genou, très bon amortie , facilité d emploi . Le vendeur est professionnel et disponible. Je le recommande vivement.","Revisado en Francia el 23 de febrero de 2022","Idéal",5,"","3"
"R8XZVZ4D0MQ0A","Antonella P.","Bello alla vista !Prezzo buono !Però dopo dieci giorni di utilizzo l ho reso perché il tappeto si è allentato faceva uno strano rumore e se ci salivo sopra si bloccava","Revisado en Italia el 11 de agosto de 2022","Bello",2,"","2"
"R2W0YVKUOFNYAU","tiziana","Ottimo tapis roulant, molto robusto. Non è facile da riporre dopo l'uso. In verticale deve essere appoggiato al muro ma dato il suo peso, non sta su da solo. Comunque viene utilizzato tutti i giorni e funziona perfettamente.","Revisado en Italia el 3 de abril de 2021","Perfetto",4,"",0
"R2AOTC979FWIQH","Cliente Amazon","Lo sto utilizzando da una settimana corsa/ camminata. Mi trovo abbastanza bene contando che è un tapis da casa fa il suo lavoro . Si ripiega facilmente smontando 4 rotelle...la velocità dichiarata e in realtà un po’ più alta di quella effettiva. Per ora un buon prodotto","Revisado en Italia el 21 de diciembre de 2020","Qualità buona",4,"",0
"R2KPJ946JAM8H","LUDOVICA","Molto pesante, non facile da spostare. Nessun programma. Misuratore frequenza cardiaca completamente errato, e se misura la frequenza cardiaca non vedi distanza e calorie che comunque spariscono appena ti fermi. Il modello sarebbe anche molto silenzioso peccato che nel mio Tapirulan  ci sia un rumore tipo rantolo, veramente insopportabile. Non faccio il reso perché pesa troppo.","Revisado en Italia el 13 de mayo de 2022","Pesantissima",2,"",1
"R37Q9RP1HQSXLH","fabrizio","Fa il suo dovere","Revisado en Italia el 13 de junio de 2022","Meglio di quanto mi aspettavo",5,"",0
"R4QWAYSH70XXJ","Garu","Ok","Revisado en Italia el 22 de junio de 2022","Per camminare e correre ad un andatura non eccessiva è perfetto",5,"",0
"R1JQ54RMV715ST","Salvatore Bunetta","Ottimo prodotto, mi trovo benissimo, robusto e motore potente","Revisado en Italia el 1 de mayo de 2022","Ottimo",5,"",0
"R2GX5RBGOJPXJO","Silvias","Molto robusto, tappeto di grande dimensioni","Revisado en Italia el 22 de mayo de 2022","Ottimo prodotto",5,"",0
"RZHWHLCS54FUF","Daniel Torrezani","Pagato 499€ Grazie ad un coupon di 100€ Offerto da Amazon.Si presenta bene, facile il montaggio, silenzioso e robusto.Si piega in pochi minuti svitando 4 viti, 2 sul manubrio e 2 sulla struttura.Unica pecca le casse Bluetooth che sono un po’ scarse di qualità audio, ma non l’ho comprato per questo.","Revisado en Italia el 24 de julio de 2021","Buon prodotto",5,"","58"
"R2FTVVUQDQJGZG","Antonio","Prodotto pratico e facile da montare. Stabile anche ad andature elevate. Potevamo mettere qualche programma in più tipo impostazione manuale dei programmi oppure il cronometro con conto alla rovescia. Per il resto è un buon prodotto.","Revisado en Italia el 29 de diciembre de 2020","Buon prodotto per un utilizzo quotidiano",4,"",0
"R3YUWHW06SEZ0","Ann mahesha ishani",,"Revisado en Italia el 27 de mayo de 2022","Mi sono soffiata con quest’acquisto",5,"https://m.media-amazon.com/images/I/61DLZCwRMBL.jpg",0
"R3IBEHYTFRXPNW","Mati","Comodo robusto purtroppo non prevede pausa ed allo stop azzera km e calorie consumate. Ottimo rapporto qualità prezzo.","Revisado en Italia el 1 de mayo de 2021","Ottimo rapporto qualità prezzo",4,"",0
"R2R98IND40VWWP","Michela ","Facile da montare, occorrono comunque 2 persone per trasportarlo, le ruote aiutano molto. Robusto e silenzioso, adatto ad un appartamento. Per il momento non ha tradito le mie aspettative. Lo consiglio.","Revisado en Italia el 29 de diciembre de 2020","Valido strumento per mantenersi in forma.",4,"",0
"R27FL34TVOLRLG","Cliente Amazon","Bello, anche molto efficace","Revisado en Italia el 5 de mayo de 2022","Consigliato",5,"",0
"R25DSUGG9T6VQ5","Lidia","Mi piace l’illuminazione, il supporto per tablet/telefono, il Bluetooth, il display e che sia arrivato già quasi montato, facile da montare.Sembra che serva necessariamente correre più sulla parte centrale del tappeto, poiché se ci si sposta un po’ più avanti si sente qualche scricchiolio di troppo.Considerato il prezzo e le dimensioni sarebbe bello ottimizzare il suono che viene distorto ad alto volume e migliorare le frequenze basse.Lo consiglio","Revisado en Italia el 1 de enero de 2021","Ottimo ma suggerirei qualche ottimizzazione",5,"","49"
"R1DUE1XVSHPULQ","Vittorio Andriola","Qualcuno mi sa dire a che serve sto accessorio gommato? ...diciamo che forse istruzioni un po' più complete servivano...  Per il resto è tutto ok... Come speravo... Ma qualcuno mi può rispondere ????  GRazie....","Revisado en Italia el 15 de febrero de 2021","Tutto ok !!!",4,"https://m.media-amazon.com/images/I/813ttvMyW5L.jpg
https://m.media-amazon.com/images/I/81mU30oeQAL.jpg","94"
"R3KMVU8RXPSWF6","Luca Pigaiani ","Lo stile è molto accattivante.Silenzioso e semplicissimo da usare.I difetti maggiori sono il fatto che è sì pieghevole, ma l'operazione è molto scomoda e lenta.Alcune viti di fissaggio, non stringono come dovrebbero. Per esempio il manubrio non c'è possibilità di fissarlo a dovereManca il pulsante per mettere in pausa. Quindi, ad ogni sosta, va azzerato il programma.Per il costo che ha speravo molto meglio","Revisado en Italia el 5 de diciembre de 2020","Speravo meglio",3,"","44"
"R1O630EOIA5W8F","Bart","Ottimo prodotto veramente affidabile lo consiglio.","Revisado en Italia el 13 de abril de 2022","Ottimo",5,"",0
"R15KGVSU1HT2J0","roberta","Beh senza dubbio molto semplice da “montare”, tra virgolette perché arriva già tutto assemblato, basta tirarlo fuori dalla scatola e aprirlo. Per le funzionalità invece molto buono: ha più velocità che ti permettono di camminare ma anche di correre ad una velocità sostenuta, quindi adatto per chi è a livello base e vuole iniziare a tornare o mantenersi in forma!! Quindi SUPER!!!","Revisado en Italia el 4 de marzo de 2021","Super CONSIGLIATO!!",5,"",0
"R3527OJL27N9PB","Mr David White","Très content de cette machine, elle est arrivée rapidement, a été facile à assembler et fonctionne très bien. Je l'utilise régulièrement et cela m'a aidé à améliorer ma condition physique. Il est silencieux et facile à utiliser.  Ce serait encore mieux s'il pouvait enregistrer mes courses.","Revisado en Francia el 21 de abril de 2021","Tres bon equipment",5,"","6"
"R22NN0LWN79CA4","MB","tutto bello finché non si ripone non capisco perché non gli hanno installato delle rotelle piroettanti per fare le manovre in casa.","Revisado en Italia el 6 de febrero de 2021","bene ma non benissimo",4,"",1
"R3IU1G7A1MZ03U","Zazza","Facile da montare,robusto,ottimo rapporto qualita' prezzo,pedana larga per adesso solo note positive","Revisado en Italia el 17 de febrero de 2022","Ottimo",5,"https://m.media-amazon.com/images/I/61TX7wE1l5L.jpg",0
"R1EJLBNSJ9UDWJ","arianna","Pessimo acquisto, non posso restituitlo perche non ho piu i cartoni di imballaggio. Pericoloso se lo si vuole chiudere (manubri super ingombranti) e aprire spesso.","Revisado en Italia el 21 de mayo de 2022","Ingombrante e pesantissimo, pericoloso se lo si prende per riporlo chiuso",2,"",1
"R175YN9AFN0RUD","Mickael","Pour le coeur","Revisado en Francia el 19 de septiembre de 2021","Comment pour le faire incliner",3,"","19"
"R2S6RXM528XK4E","Elisa Altomonte","unica pecca, per cui non ho dato cinque stelle, è la necessità di dover smontare le viti alla base per chiuderlo e riavvitarle all'uso successivo","Revisado en Italia el 14 de diciembre de 2020","per ora ottima performance",4,"",0
"R3CUC8JZZ8FWHR","Sottile Francesco massimiliano","Ottimo rapporto qualità prezzo robusto e facile da montare","Revisado en Italia el 24 de abril de 2021","Tapirulan",4,"",0
"R38HPJTM7KSYK6","dario","Lo sto usando regolarmente 3 volte a settimana, soddisfatto…","Revisado en Italia el 28 de febrero de 2022","Soddisfatto per il momento",5,"",0
"R22RBYJ48IIUFN","3333124958","Prodotto imballato splendidamente. Veramente bello e semplice da montare e usare. Soldi ben spesi!","Revisado en Italia el 21 de enero de 2022","Validissimo",5,"",1
"R3IPTG0RE2ZXDS","ANDREA CRUZ","La consegna  è  arrivata  in anticipo, cercavo  un tapis ruolant  che mi permettesse  di fare cardio  a casa (10/12 km/h) senza ingombrare . Molto  robusto, per trovare  la stabilità  basta giocare  con  i piedini  che ha  in dotazione.  Facile  apertura  e chiusura.","Revisado en Italia el 15 de diciembre de 2020","Montaggio  facile",5,"",0
"R3P4E83Z8F5DPX","Cliente Amazon","È ottimo","Revisado en Italia el 28 de marzo de 2022","È ottimo",5,"https://m.media-amazon.com/images/I/81vMA4ZqkqL.jpg
https://m.media-amazon.com/images/I/81vMA4ZqkqL.jpg",0
"R1AGLTXB9C4F6V","Cavenaghi silvio","Ottimo rapporto qualità prezzo. Sono contento dell acquisto","Revisado en Italia el 2 de enero de 2021","Bell acquisto",4,"",0
"R1F0HEF68L9INZ","Cliente Amazon","Vite portante mancante!! Attenzione a comprare cinesate! Non c'è nemmeno nella confezione il ricambio","Revisado en Italia el 1 de octubre de 2022","Vite mancante",1,"https://m.media-amazon.com/images/I/71-s4eaM7ZL.jpg
https://m.media-amazon.com/images/I/714gDUYFFlL.jpg",0
"R34ZG6F1IBPT6","ewelina rozka ventroni","Arrivato veloce, facile il montaggio, prodotto robusto e semplice nell'uso. L'unica pecca e che non c'e un comando sto and go, se per caso ti devi fermare un attimo il conteggio dei chilometri e le calorie bruciate inizia da zero.","Revisado en Italia el 15 de marzo de 2021","Buon prodotto",5,"",0
"R2OHH5XF65R81O","VG","Non puoi semplicemente appoggiarlo al muro se vuoi riporlo in verticale, devi assicurarlo tirando fuori manualmente la base in metallo che tiene le ruote, ma questo è impossibile poiché stai già usando le tue due mani per assicurarti che il tapis roulant da 60 kg non atterrare sulla tua testa. È semplicemente pericoloso. Acquistalo solo se hai uno spazio disponibile pari a un divano a due posti. L'ho restituito.","Revisado en Italia el 26 de mayo de 2022","Non 'e  'facile da spostare e riporre' o 'salvaspazio'",1,"","5"
"R2YMR64X4OIYSW","davide rubens","Molto stabile anche durante la corsa al massimo livello, inoltre il tappeto, tenuto conto della mia altezza 182 cm è perfetto e per il prezzo non si può chiedere di più, per non parlare della silenziosità super super super. Consiglio vivamente","Revisado en Italia el 27 de febrero de 2021","Acquisto super azzeccato sono felicissimo",5,"",0
"RLL1YBSCNIIV4","Amazon Customer","Un buon prodotto robusto (non si muove quando corri) senza fronzoli ma con una buona pedana di corsa abbastanza lunga e larga per correre (io sono 1,80 e peso sui 93 kg)Velocità buona per le mie esigenze.","Revisado en Italia el 1 de marzo de 2021","Robusto essenziale",5,"",0
"R2C68FK4GI2H7R","Ivana M.","Attrezzo ormai indispensabile. Non solo per la forma fisica ma per scaricare tensioni e rilassarsi. Le due maniglie laterali lo rendono più sicuro ed i comandi sulle maniglie ancora più pratico.","Revisado en Italia el 30 de abril de 2021","Correre e divertirsi",5,"",0
"R2FJC4O9AB56FA","Pierluigi P.","Ottimo prodotto sebbene non economico. La superficie calpestabile è sufficienteme ampia per correre. Il motore è potente per reggere tempi lunghi di allestimento senza surriscaldarsi. Un po' pesante per spostarlo quando si richiude, ma questo è indice di robustezza.","Revisado en Italia el 13 de febrero de 2021","Ottimo acquisto",5,"",1
"RV1GZK9GDPLBH","Barbara B.","Easy to open and enesmble. Done it on my own. Using every day.","Revisado en Reino Unido el 2 de mayo de 2021","Good and came quickly two days",5,"https://m.media-amazon.com/images/I/A1Ls74bzZGL.jpg","49"
"RSU0PBJ71JK0I","Claudio","Ordinato domenica sera alle h 21 ricevuto martedì alle h 13 , il primo impatto è di un tapis roulant molto robusto ... Credo di aver fatto un buon acquisto","Revisado en Italia el 20 de abril de 2021","Velocità esagerata",5,"",0
"R31H8OIWWG2NR2","Aldo Colangelo","Praticamente perfetto. Consiglio una buona manutenzione con il silicone ogni 25/20 gg. Basta cercare con Google ""silicone tapis roulant"", ed è tutto ben spiegato. Prodotto consigliatissimo, credo il migliore fra tutti gli altri, superiore persino ai tedeschi","Revisado en Italia el 10 de enero de 2021","Fantastico Citysports",5,"",0
"R3UJA6NQ9YRO2A","Vincenzo umidetti","Buon Prodotto ...non me l aspettavo","Revisado en Italia el 17 de noviembre de 2021","Buon Prodotto",5,"",0
"R2TBMCMXF9MZS2","Marzia","Ottimo prodotto e ottimi i tempi di consegna (arrivato in largo anticipo)! Unica pecca il corriere, che avrebbe voluto scaricare il pacco a *50 metri* fuori dalla mia abitazione (pacco pesante e parecchio ingombrante).","Revisado en Italia el 9 de diciembre de 2020","Soddisfatta",5,"",1
"RZCOEVHGM27QH","Carlo","L'articolo è molto carino, facile da montare e funziona bene. Purtroppo è arrivato con un pezzo rotto. Poichè non impatta il funzionamento ho deciso di tenerlo, e di chiamare l'assistenza. Ahimè, nessuno è mai uscito, e il pezzo che mi dicono aver inviato (della serie arrangiati) non è mai arrivato. Peccato, lo tengo rotto, ma speravo in un customer service più efficace","Revisado en Italia el 31 de marzo de 2021","Ottimo articolo, ma arrivato rotto",2,"",0
"R3VSKZQCD02M8W","Alessandra","Il tapis roulant arriva piegato ma è gia montato. Robusto, silenzioso un ottimo inizio per rimettersi in forma.","Revisado en Italia el 29 de mayo de 2021","Rapporto qualità prezzo imbattibile",5,"",0
"R3A8EG9SA3S7H4","Emanuela","Il tapirulan supera di gran lunga le mie aspettative sembra molto solido è compatto nonché ho riscontrato che la pedana di corsa è davvero molto spaziosa. Ottimo acquisto il pacco è arrivato dopo tre giorni","Revisado en Italia el 12 de noviembre de 2020","Perfetto",5,"","73"
"R23QHCYV2KY81V","alice chiesa","Tapis roulant ottimo ! Non troppo costoso ! Adatto sia per la camminata che per la corsa ! Montato è messo in funzione in 5 minuti ! Silenzioso !","Revisado en Italia el 16 de diciembre de 2020","Ottimo acquisto",5,"",0
"R1N8EI8FYZW8W4","alessandro","Prodotto che consiglio a tutti e molto robusto pratico e occupa poco spazio il prezzo è alto però ne vale la pena","Revisado en Italia el 1 de marzo de 2021","Tapis roulant",5,"",0
"R1GS7VRN3OYBDN","tant","Top","Revisado en Francia el 30 de junio de 2021","Top",5,"","2"
"R38N9NUP91QFC8","Bea1","Abbiamo acquistato questo prodotto, ottimo qualità prezzo. Bella la colorazione della luce e il l’opzione Bluetooth che ti permette di ascoltare musica o altro tramite dispositivo.","Revisado en Italia el 15 de diciembre de 2020","Ottimo acquisto",5,"https://m.media-amazon.com/images/I/71ZrEBcyxRL.jpg","55"
"R6MW3HRTFZBD8","giuseppe","La consegna è  stata puntuale, prodotto integro. Rispetta quanto indicato nella descrizione.","Revisado en Italia el 30 de marzo de 2021","Ottimo rapporto qualità  prezzo.",5,"","39"
"R2OSWSQIAT4U9B","Rita chiavetta","Facile da utilizzare e la sua robustezza garantisce stabilità e sicurezza durante la corsa","Revisado en Italia el 12 de marzo de 2021","Come andare in palestra",5,"","39"
"R1KG6KSKU8F3W8","Chiara R.","Fino ad adesso siamo molto soddisfatti... Bello il design... E le dimensioni sono adatte sia per uomini che per donne","Revisado en Italia el 29 de noviembre de 2020","Ottimo",5,"",0
"R34D8GNWZG9BB","Gabriele Moretti","Fantastico. Arrivato subito e prima del previsto. Montato in 2 minuti. Compatto e silenzioso.","Revisado en Italia el 1 de marzo de 2021","Ottimo prodotto in ottimo imballo",5,"",0
"R2I58QI75G3CI0","Amazon Customer","The products  is  broken","Revisado en Reino Unido el 15 de marzo de 2021","10 of March",1,"https://m.media-amazon.com/images/I/81KCy0Q99fL.jpg","2"
"R3AQYKUZZYS2FG","Sara","Facile da montare! Consegna nelle tempistiche! Qualità prezzo davvero ottimo! Consiglio!","Revisado en Italia el 4 de abril de 2021","Consiglio",5,"https://m.media-amazon.com/images/I/C1TWKdONXES.jpg",0
"RTM25EPXD6WWZ","Gianni","Ottimo prodotto, specialmente per chi ha problemi di spazio. Il meglio per i tapis roulant compatti. Felicissimo","Revisado en Italia el 14 de diciembre de 2020","Ottimo, ottimo, ottimo",5,"",0
"R2D456F8XOPS4M","Cliente Amazon","È molto pratico e silenzioso. Facile da montare e ottimo rapporto qualità-prezzo. Sono molto soddisfatto.","Revisado en Italia el 10 de enero de 2021","Per le mie aspettative è perfetto!",5,"","39"
"R221JG0J1TGQ2","top player","Consegna in anticipo,silenzioso e maneggevole, facile da assemblare i pochi pezzi che ci sono. Ispira a correre. Consigliato.","Revisado en Italia el 22 de noviembre de 2020","Consigliato",5,"",1
"R2K7NVVUO72YME","Fabrizio D'Incognito","Ottimo prodotto","Revisado en Italia el 24 de julio de 2021","Top",5,"",0
"R13SVRJTB6GVGF","Cliente Amazon","Bel look, resistente e facile da usare, ma troppo pesante per essere trasportato, meglio lasciarlo aperto e pronto da usare in qualsiasi momento. Difficile la lubrificazione perché difficile da spostare. Le spiegazioni sono troppo generiche.","Revisado en Italia el 26 de diciembre de 2020","È molto bello, robusto, comodo e di facile uso.",2,"",0
"R1E8PY3MOSNP3H","Sebyy","E così come deve essere un tapis rulante","Revisado en Italia el 20 de marzo de 2021","E silenziosa",5,"","38"
"R1XM2ZTSMTKF84","Cliente Amazon","Ottimo tappeto fa il suo dovere, esteticamente molto bello silenzioso lo consiglio.","Revisado en Italia el 19 de noviembre de 2020","Favoloso",5,"",1
"R29R8B0KJYIO4O","Cliente Kindle","Facile da montare, piuttosto pesante per gli spostamenti.","Revisado en Italia el 17 de enero de 2021","Ottimo prodotto",5,"","39"
"RQF3JD6J7LK1S","Yuliya","Ottimo! Superato le miei aspettative","Revisado en Italia el 9 de marzo de 2021","Consigliato",5,"","39"
"R2CI5YJ6T7NODN","Emaniele Pietracito","dopo aver acquistato l'articolo e montato l'ho acceso e dopo pochi metri percorsi usciva un fumo dal motore. ho provato molteplici volte a restituire l'articolo ma il venditore mi rimbalzava data dopo data , ma' l'articolo non veniva mai ritirato. Sconsiglio","Revisado en Italia el 30 de septiembre de 2021","prodotto difettoso",1,"","5"
"R224ZKRQ2MHQ8J","Carola ","Prodotto sotto le aspettative rispetto al prezzo dell'articolo. Privo di inclinazione anche meccanica. Non consente una breve sospensione dell allenamento e premendo stop si azzera il tempo. Dispone di un singolo led che presenta distanza, calorie e pulsazoni che scorrono in sequenza continua e non si capisce quando appare la cifra, a cosa si riferisce delle 3 misurazioni.È pesante da spostare in ambienti piccoli. Le rotelle non consentono un posizionamentoin un vano laterale. Poco stabile in verticale é necessaria parete d'appoggio.Ben imballato. Consegna rapida e anticipata rispetto alle previsioni.","Revisado en Italia el 28 de noviembre de 2020","Prodotto essenziale, prezzo alto",1,"","136"
"R23HGBLOCTJDVR","Rosa Azzimonti","Comodo e robusto","Revisado en Italia el 9 de abril de 2021","Semplice nel montaggio",5,"","39"
"RGK330EWPWY9A","Fabio J.","Perfetta in tutte le mie necessità","Revisado en Italia el 19 de enero de 2021","Ottima",5,"https://m.media-amazon.com/images/I/A1IV4tjGNXL.jpg","3"
"R1YI8J14CC2DIT","H.Hinzmann","Das Produkt ist qualitativ schlecht. Nach nur drei Monaten ist es defekt. Die Garantieabwicklung gestaltet sich schwierig. KEINE Kaufempfehlung","Revisado en Alemania el 31 de julio de 2021","Nicht kaufen - nach 3 Monaten defekt",1,"","17"
"R2OS5JFRJ79UIB","ciro","Ho ricevuto  il tapis rulant ma mancano le viti e le manopole e la chiave di sicurezza per avviarlo","Revisado en Italia el 30 de noviembre de 2021","La fretta fa i figli ciechi",1,"","3"
"R2RB65LW1O3DQ3","Stefania ","Buon prodotto soprattutto silenzioso","Revisado en Italia el 10 de enero de 2021","Silenzioso",5,"","39"
"RJH4JJZDWD87J","Martina Boschetti","Ottimo prodotto","Revisado en Italia el 3 de enero de 2021","Ottimo prodotto",5,"","39"
"R1JRICSZ49YPA0","Cliente Amazon","Se non vuoi fare il meccanico full time comprate un'altro tapisroulant.","Revisado en Italia el 2 de noviembre de 2021","Il tapeto di corsa si sposta constantemente",1,"","2"
"RE8JFXMQIQVCB","Cliente Amazon"," Acquisto stupendo.ottimo qualità prezzo.consiglio 😘","Revisado en Italia el 23 de diciembre de 2020","Ottimo prodotto",5,"","41"
"R1E7U4ZQG7CCFN","Vincenzo Borrelli","Sfortunatamente è arrivato con parte della plastica spaccata. Non ancora utilizzato","Revisado en Italia el 4 de febrero de 2021","Arrivato con la plastica spaccata",1,"https://m.media-amazon.com/images/I/91+Q0TZy64L.jpg
https://m.media-amazon.com/images/I/9161lElmBQL.jpg
https://m.media-amazon.com/images/I/91MOcDDw7HL.jpg
https://m.media-amazon.com/images/I/91bquT8yveL.jpg
https://m.media-amazon.com/images/I/C1dfAaHqNSS.jpg","3"