"id","profileName","text","date","title","rating","images","helpful","Color"
"R1U9ZZ2LDSN1UR","Maria D.","No hace ni un mes que la tengo y por ahora estoy muy contenta. He empezado utilizándola pocos minutos y gradualmente voy subiendo el tiempo. No quiero forzar porque, entre otras cosas, sufro de vértigo y los tres o cuatro primeros dias me mareaba bastante. Ahora ya ""casi"" no me ocurre, pero voy con mucho cuidado.La cinta funciona muy bien y es muy fácil de montar. Lo que no es tan sencillo es transportarla porque lo tienes que hacer con la màquina demasiado horizontal y pesa bastante. En general y hasta la fecha, estoy satisfecha con la compra","Revisado en España el 26 de enero de 2023","Es lo que buscaba y necesitaba",4,"",0,"Plata Negra"
"R3ESXY3XC5GMWR","Lucía Arcos Barroso","La cinta llegó en apenas 2 días, así que un envío rapidísimo.Se ve robusta y aunque no es profesional, creo que para un uso moderado para andar y correr para mantenerse en forma está bien.Funciona bien, tiene funciones sencillas y tiene buena relación calidad-precio. Funciones y solidez acordes al precio.","Revisado en España el 1 de febrero de 2023","Práctica y muy cómoda de guardar",5,"https://m.media-amazon.com/images/I/61QqEC5ieEL.jpg
https://m.media-amazon.com/images/I/61bsYvxN5SL.jpg
https://m.media-amazon.com/images/I/71DtVZZ+oAL.jpg
https://m.media-amazon.com/images/I/71q+jh4eENL.jpg",0,"Plata Negra"
"R3MYTESRVJ1H73","Belén B.","Antes de comprar esta cinta teníamos bastantes dudas sobre el tamaño de la cinta tanto abierta como plegada para nuestra casa y también si la superficie de carrera sería suficiente para poder correr cómodamente. Pues la verdad es que nos ha sorprendido gratamente en todos los aspectos. Yo la uso para andar y otros 2 miembros de mi familia la han usado para correr. La experiencia ha sido satisfactoria para todos. Muy contentos con la compra!","Revisado en España el 17 de enero de 2023","Ideal para casa",5,"https://m.media-amazon.com/images/I/71m05V2dA2L.jpg
https://m.media-amazon.com/images/I/81iJHGBSthL.jpg","9","Plata Negra"
"RJ7XFIYQUE85X","MANUEL PARDO TERAN","Es la primera cinta de correr que compro. No quería un armatoste que me ocupara toda la habitación y la verdad es que he acertado de pleno.Gran máquina silenciosa y valida para correr en casa. La velocidad que pilla es de 14 km/h y yo soy aficionado a correr y con 12 km/h tengo suficiente. Por lo demás lo único que se echa de menos es la inclinación, pero cumple completamente mis expectativas.Muy satisfecho con la compra, si buscaís una cinta de reducidas dimensiones y sois runners de media maratón, esta es vuestra cinta.","Revisado en España el 5 de enero de 2023","Muy satisfecho con la compra",5,"https://m.media-amazon.com/images/I/515F7W3pBQL.jpg
https://m.media-amazon.com/images/I/51GZCVQ2nwL.jpg
https://m.media-amazon.com/images/I/51p8n8dyqRL.jpg","11","Plata Negra"
"R3E3JLEJ4LSI4B","Susana","La cinta va muy bien para andar ligero y para correr. El panel es muy sencillo, tienes los botones justos para no liarte. Además las tiras led le dan un toque muy guay. Lo que más me gusta es que es más pequeña que otras y ocupa poco espacio. ¡Muy contenta con la compra! El vendedor de 10, tuve algunos problemillas y enseguida me ayudó a solucionarlos.","Revisado en España el 10 de enero de 2023","¡Genial!",5,"https://m.media-amazon.com/images/I/71hG-R4bjNL.jpg
https://m.media-amazon.com/images/I/71tXQ9EOQOL.jpg
https://m.media-amazon.com/images/I/81jW5EowsfL.jpg","6","Plata Negra"
"R1RZ86BTYJJOKH","Bel","Para ejercitarse, fácil de plegar y fácil de montar. Por ahora va muy bien.","Revisado en España el 2 de febrero de 2023","Por el momento, buena maquina para hacer ejercicio",5,"",0,"Plata Negra"
"R16ZD2SCKHY50J","Ramon Alvarez","He comprado este producto para caminar bajo escritorio y cumple su función perfectamente.Elegí este producto porque permite llegar a las 14 km/h que permite correr perfectamente y realizar un buen entrenamiento.La cinta se le pliega la ""barandilla"" de protección y es fácil de mover para guardarla.","Revisado en España el 9 de enero de 2023","Buen producto",5,"https://m.media-amazon.com/images/I/61BEvcuQAYL.jpg
https://m.media-amazon.com/images/I/61CNS8fDJnL.jpg
https://m.media-amazon.com/images/I/61SiwP9tUvL.jpg
https://m.media-amazon.com/images/I/61efnQJrJ6L.jpg","8","Plata Negra"
"R19B0SLAKG0B4D","Agustín Sánchez","Entrega muy rápida. En el tiempo que llevo estoy muy satisfecho. Muy buena compra para ejercitar en casa.","Revisado en España el 30 de enero de 2023","Cinta de andar FLYLINKTECH",5,"https://m.media-amazon.com/images/I/712y2ClElDL.jpg
https://m.media-amazon.com/images/I/71l0PH7wAGL.jpg","6","Plata Negra"
"R1K85KORKECSK4","Nuria","Tuve que devolver otra que ofertaba amazon que valía algo menos, pero era un armatoste, insegura y patinaba. Es mejor gastar un poco más, Esta cinta sin ser profesional es lo más parecido, la base es pesada y firme, da seguridad, ideal para andar , en carrera también responde pero particularmente la utilizo para andar, ando dos horas y no se calienta y va perita. De momento buena compra e inmejorable relación calidad precio.","Revisado en España el 18 de diciembre de 2022","Ideal",5,"https://m.media-amazon.com/images/I/61lo4ynAHyL.jpg","6","Plata Negra"
"R2RCB8LZT8TBN1","M. A.","Muy contento con la compra. Cumple perfectamente lo que anuncian. Es silenciosa y compacta. Es ideal para andar o correr suave. Yo la uso a 10 km/h y no va forzada.","Revisado en España el 20 de enero de 2023","Perfecta",5,"https://m.media-amazon.com/images/I/51kWDut7xaL.jpg
https://m.media-amazon.com/images/I/61vhgi1lYFL.jpg","8","Plata Negra"
"R3IDMF7LEU89W9","Jordi Molina","La cinta cumple con mis expectativas y es de buena calidad. Un gran punto a favor es que llega a la 14km/h así que es perfecta para running en casa. Gran compra!","Revisado en España el 21 de enero de 2023","Buen producto",5,"https://m.media-amazon.com/images/I/61nRipPT07L.jpg
https://m.media-amazon.com/images/I/61uDZFKDPkL.jpg
https://m.media-amazon.com/images/I/71vaawSFl-L.jpg","8","Plata Negra"
"R143W6HKY6ZXL2","Carlos Romero-Giron","Atención al cliente.- Al recibir la cinta tuve una pequeña incidencia en un elemento decorativo, tira de luz, para el que solicité solución. La atención fue inmediata, la primera solución ofertada no me agradó e, inmediatamente, me realizaron otra oferta que cubría mis necesidades.- al iniciar la utilización de la cinta se producía un bloqueo del wifi que me impedía ver la TV; al plantear el problema, rápidamente me sugirieron su posible solución, la cual era de mi responsabilidad y no de la cinta.Conclusión: respuesta correcta, atenta, inmediata y mantenida hasta solucionar el problema.Cinta de andar. Es compacta, robusta, de fácil utilización o plegado, tamaño ajustado, silenciosa y con una buena información en la pantalla LED.","Revisado en España el 29 de noviembre de 2022","Silenciosa y compacta",5,"https://m.media-amazon.com/images/I/611SUI4Pu5L.jpg
https://m.media-amazon.com/images/I/6121zCPtvXL.jpg
https://m.media-amazon.com/images/I/613b+zo4r3L.jpg
https://m.media-amazon.com/images/I/61WF+h1uQQL.jpg","11","Plata Negra"
"R2A1U0MQUMJ5GH","Arianne","Han sido pocos los negocios que he conocido que me han tratado tan bien. Pedí esta treadmill y a los 2 meses se estropeó por un defecto de la cinta corredera, la tienda me devolvió el importe de la máquina y también me obsequió con otra treadmill de mejor calidad que estoy usando muy contenta preparando una de las pruebas físicas de las oposiciones a bombero.Cualquier duda, problema o pregunta será contestada con rapidez en este negocio. Lo recomiendo 100%. Muy respetuosos y rápidos.No lo dudes, compra aquí y disfruta de la sensación de seguridad que te proporcionarán ayudándote en lo que necesites.","Revisado en España el 23 de noviembre de 2022","Muy buena atención al cliente",5,"","5","Plata Negra"
"R2OKEH36YZQPI4","Cliente Amazon"," Vi varias máquinas antes de decidirme por esta. Vivo en un piso y quería una fácil de plegar y que a la vez fuera silenciosa.Ha cumplido todas mis espectativas, porque además de no hacer ruido y de ocupar muy poco espacio tanto montada como plegada (por cierto tiene ruedas para moverla mejor), tiene unos mandos muy cómodos que no se quedan tapados cuando pones la tablet, cosa que en otras cintas de mayor gama ocurre, además tiene bastantes niveles de velocidad.Perfecta para su precio. De las mejores plegables que he podido comparar.En cuanto al vendedor, decir que tuve una duda con el envío y que su respuesta fue muy rápida. Muy buena atención. Estoy encantada","Revisado en España el 12 de enero de 2023","SILENCIOSA, CÓMODA Y BUEN PRECIO",5,"","11","Plata Negra"
"R3NG0ACNJ1216Q","consumiblesciuex","La cinta es estupenda , va muy bien , tiene acceso directo a las velocidades para hacer cambios de ritmo , tiene la aplicación del móvil con un montón de programas de carrera y además puedes hacer las tuyas propias , la cinta me ha encantado. La recomiendo.","Revisado en España el 31 de diciembre de 2022","Una gran compra",5,"","5","Plata Negra"
"R73EDQUYUZKHJ","NURIcb.","Es fácil de plegar no ocupasitio y estoy encantada funciona perfectamente todas las velocidades corta y largas","Revisado en España el 19 de enero de 2023","Tiene todo lo que yo quería pedir t",5,"",0,"Plata Negra"
"R3GMH2AZTD0KVM","Bimba","Tras una semana de uso de momento satisfecha. Destaco como especialmente positivo la rapidez de respuesta del servicio de atención al cliente (les hemos trasladado una duda sobre el ajuste de la cinta y nos han respondido en el mismo día lo cual agradezco).","Revisado en España el 31 de diciembre de 2022","Satisfecha con el producto",5,"https://m.media-amazon.com/images/I/513CJHJ4CsL.jpg","5","Plata Negra"
"RSIT7NJMD9X6V","Rosario","En el tiempo que llevo usándola, funciona perfectamente. Para utilizar mientras estás con el ordenador, cabe sin llegar debajo de una mesa elevable.","Revisado en España el 7 de enero de 2023","Funciona perfectamente",5,"https://m.media-amazon.com/images/I/61PqOO+NdTL.jpg","6","Plata Negra"
"R1P65PR4BJ0489","manel","Compre la cinta y aunque llego rápido hubo problemas porque me llego sin algunas piezas y no podía usarla, pero hable con el vendedor y con una respuesta rápida me envio lo que faltaba.La cinta va bien, es comoda para correr yo mido 1,80m y peso 105 kilos y no tengo problemas. Fácil usarla aunque aún no he probado de conectarla a ninguna app ni al movil, el vendedor me dijo que si se podía conectar. bajar y subir el apoyo es facil no hace falta ni herramientas y el apoyo es un poco endeble cuidado si os apoyais. Es un poco pesada para moverla pero así hago brazos.","Revisado en España el 22 de octubre de 2022","Buena cinta suficiente para empezar en el running",4,"","6","Plata Negra"
"R3IIXWBRJK4WP2","Cliente Amazon","Me llegó en 3 días desde que lo pedí, bastante antes de lo previsto.Cumple perfectamente su función, es cómoda y va muy bien para andar rápido (que es para lo que la usamos), aunque también sirve para ejercitarse en running.Muy fácil de colocar.El vendedor respondió rápidamente aceptando la tarjeta de garantía.De momento estamos muy contentos con la cinta, sin duda recomendamos su compra.","Revisado en España el 29 de noviembre de 2022","Buena relación calidad-precio",5,"https://m.media-amazon.com/images/I/61-E59Cy3zL.jpg
https://m.media-amazon.com/images/I/61zglmkDQeL.jpg
https://m.media-amazon.com/images/I/71OgVrFrfeL.jpg","10","Plata Negra"
"R2OYJV8HQTA0FR","Ángel ","Buena cinta para ejercitarse, se ve robusta, no es ruidosa y amortigua bien el peso, yo dispongo de poco espacio y se pliega fácilmente,  llevo usándola una semana durante dos horas al día y la verdad funciona muy bien. Se monta en un momento.El envío fué muy rápido y la atención al cliente muy buena.Recomiendo esta cinta.","Revisado en España el 25 de noviembre de 2022","Buena relación calidad-precio",5,"https://m.media-amazon.com/images/I/61QufAxu1IL.jpg
https://m.media-amazon.com/images/I/710apSjSLbL.jpg
https://m.media-amazon.com/images/I/71rShWog8EL.jpg","9","Plata Negra"
"R1UDKV2J2BUFCI","Enrique Reyes","Todo ok, solamente un poco pesada al momento de moverla","Revisado en España el 27 de diciembre de 2022","Conforme",5,"",1,"Plata Negra"
"R2CXKDOOTYI4K8","Álvaro","Se pliega y despliega en un momento ajustando una manillas. Bien para caminar deprisa o correr un poco. Calidad precio bastante buena.","Revisado en España el 21 de diciembre de 2022","Cumple su función y es silenciosa",5,"https://m.media-amazon.com/images/I/716yvFRAAsL.jpg
https://m.media-amazon.com/images/I/71E-faCSR-L.jpg
https://m.media-amazon.com/images/I/71ME0R31tcL.jpg","10","Plata Negra"
"R3HEQ5OF674P6C","Cliente Amazon",,"Revisado en España el 7 de enero de 2023","Cinta fácil de manejar. Cumple espectativas",5,"https://m.media-amazon.com/images/I/71+uSdULsYL.jpg
https://m.media-amazon.com/images/I/81YgZXcwmRL.jpg","9","Plata Negra"
"R4YO7ALOG9EAM","Francisco J.","Tras casi mes y medio usando la cinta de correr, estoy muy contento con su funcionamiento y fácil lubricación. Además sus dimensiones hacen que quepa en espacios reducidos. Gran compra.","Revisado en España el 4 de diciembre de 2022","Ideal para ejercitarse en espacios reducidos.",5,"https://m.media-amazon.com/images/I/61hSGNkluYL.jpg","10","Plata Negra"
"R1YZ97IQ4NL80R","Celine","fácil de montar , se ve como en la foto , funciona bien, solo le veo un poco de dificultad al transportarla, ya que las ruedas , en posición vertical no van bien y no se desliza , por lo demas, de momento estoy contenta ...","Revisado en España el 14 de octubre de 2022","rapidez en el envío",4,"","5","Plata Negra"
"R278NLBLH5QTRU","Rosa H","Genial para el uso que se ha comprado. Yo la compré para caminar y la recuperación de una operación de espalda, llevo pocos días usándola y de momento va perfecta. No puedo comentar nada negativo. Lo de plegarla, de momento sigue montada. Si se ha de plegar cada día necesita su llave que la trae y supongo que esto es un poco molestoso. El envío fue perfecto en el día que dijeron lo único qué tienes que estar pendiente de ese día porque no hay un seguimiento, y si no estás en casa pues no sé qué hubiese pasado. En general satisfecha con la compra","Revisado en España el 29 de agosto de 2022","Buena compra",5,"","8","Plata Negra"
"R2OSL8OD1BDRR8","Antonio P.","Recomniendo apoyarlo en una tabla de madera como la de la foto para tener un poco de inclinacion, y proteger las rodillas ( o eso he leido, y creo que lo he notado tambien).Muy buen producto, muy buen soporte.","Revisado en España el 12 de noviembre de 2022","Perfecta calidad precio.",5,"https://m.media-amazon.com/images/I/61NYyNejb5L.jpg
https://m.media-amazon.com/images/I/61PjpRsB7QL.jpg
https://m.media-amazon.com/images/I/61waDQ0ezpL.jpg","10","Plata Negra"
"R1H1IS0LOIJGLO","MARIBEL","Estamos encantados con la cinta, hace un mes que la tenemos y cada dia la utilizamos. De momento no hay problemas.","Revisado en España el 18 de noviembre de 2022","Genial !!!",5,"","6","Plata Negra"
"R3I47UYB2PRSHX","jesus ","Es muy manejable,fácil de plegar, la velocidad se regula muy bien, muy exacta en la velocidad/tiempo. Ocupa poco espacio.","Revisado en España el 14 de noviembre de 2022","Ocupa muy poco espacio",5,"https://m.media-amazon.com/images/I/61-7GtYKXEL.jpg
https://m.media-amazon.com/images/I/61g-v3bw+jL.jpg
https://m.media-amazon.com/images/I/71VPgmZebrL.jpg","6","Plata Negra"
"R31WU04CTIIXRO","Pedro","Es justo lo que estaba buscando. Tamaño ideal para espacios pequeños y poco peso para poder moverla. Recomendada por la calidad\precio","Revisado en España el 17 de noviembre de 2022","Tamaño y peso perfecto",5,"https://m.media-amazon.com/images/I/715GOetULkL.jpg
https://m.media-amazon.com/images/I/71PS72242YL.jpg","9","Plata Negra"
"R1WU3QWR8TZQ24","Miriam","Hola! Compre la cinta pa andar y correr, tenia dudas de que no fuera estable ya que la veía un poco endeble, y para nada!!! Me a sorprendido para bien, la recomiendo mucho, apenas hace ruido cuando te pones a correr y la barra para poner la tablet no se mueve, la verdad que estoy encantada y espero que siga funcionando así de bien! El chico cualquier duda te responde rápido, le doy un 10!!","Revisado en España el 15 de septiembre de 2022","Genial! La recomiendo",5,"","6","Plata Negra"
"R3PCILHJBI3GSH","RoyMascotas","Tras días de uso cada vez me gusta más. A penas se oye, fácil de instalar y se la ve fuerte. Recomendable","Revisado en España el 28 de octubre de 2022","Perfecta",5,"","3","Plata Negra"
"R3UD4QU3CNAIVF","José y Natalia","La máquina es tal cual la descripción del producto. Fácil de plegar, muy cómoda a la hora de usar. Tuve un problema con la cinta recibida y el servicio de postventa es muy atento y resolutivo. A los dos días me lo habían solucinado. Muy contenta con ellos. Gracias","Revisado en España el 30 de julio de 2022","Fácil de plegar",4,"","8","Plata Negra"
"R234UVYNL6DRRW","Libertad","Es cómoda, se pliega muy bien, ocupa poco espacio, es silenciosa y nunca pensé que me alegrara tanto comprar una cinta de andar y correr.","Revisado en España el 18 de octubre de 2022","La mejor decision",5,"",1,"Plata Negra"
"R3HLKPJG8X60EP","Nuria","Es la primera cinta que me compro y ha cumplido mis espectativas. Tube un problema porque se me salía la cinta y el vendedor me lo solucionó inmediatamente.Recomendable 100%Lo que menos me gusta que si la quieren plegar o abrir dependes de una llave pero bueno la he dejado montada y el problema se ha acabado.","Revisado en España el 3 de septiembre de 2022","Comunicación con el vendedor",5,"","7","Plata Negra"
"RMS2HMSB7SO5O","Madrid Maria Isabel"," La compré para caminar en casa , porque la verdad me da pereza salir a la calle cuando hace frío y a mi me va estupendo , muy silenciosa y se nota una excelente calidad .Me pongo delante de la tele y camino sin darme cuenta .","Revisado en España el 1 de septiembre de 2022","Se ve una cinta de muy buena calidad estoy totalmente satisfecha .",5,"https://m.media-amazon.com/images/I/71Am9XYrQvL.jpg
https://m.media-amazon.com/images/I/71GJGXZEfdL.jpg
https://m.media-amazon.com/images/I/71jT1lububL.jpg","24","Plata Negra"
"RKVLY5JVQOYWV","VISA","El producto me llego con gran rapidez,  pues tan solo 3 dias despues de hacer el pedido ya las tenia en casa.En cuanto a la textura de las bandas son muy flexibles, estiran muy bien ademas de ser suaves y respetuosas con la piel y son tal cual se publicitan.Las estoy utilizando en casa para hacer pequeños estiramientos en las extremidades que hago antes de salir a entrenar a la calle y me estan pareciendo muy comodas de utilizar y transportar.Me ha parecido una muy buena compra, muy versatil y con buenos beneficios a corto plazo. Recomiendo sin duda este producto y al vendedor.","Revisado en España el 25 de mayo de 2022","Cumple con lo especificado muy bien.",5,"","8",
"R2AJPPF5UCVSZR","Tere","Buena calidad precio y muy silenciosa","Revisado en España el 25 de agosto de 2022","Lo mejor es  muy silenciosa",4,"","5","Plata Negra"
"R2WSIFL6O6NVHA","PEDRO DOMENE RUBIO","Me ha gustado todo, la cinta de correr es de muy buena calidad, la atención al cliente ofrecida por el vendedor es fabulosa y comprar en Amazon me encanta!Ya hace unos días que estoy usando la cinta de correr y puedo decir que estoy encantada de su funcionamiento.Todo un acierto!Doy cinco estrellas al vendedor y por la calidad del producto.Pongo una foto de la cinta de correr plegada , es fácil y ocupa poco sitio al guardarla.","Revisado en España el 6 de julio de 2022","Muy buena calidad, vendedor excelente, tuve un problema y enseguida me lo resolvió",5,"https://m.media-amazon.com/images/I/414sxwe-h8L.jpg
https://m.media-amazon.com/images/I/51HLAysDXmL.jpg
https://m.media-amazon.com/images/I/61hG6cSpzwL.jpg
https://m.media-amazon.com/images/I/61ro3PviVIL.jpg
https://m.media-amazon.com/images/I/71ED1qbo6FL.jpg","8","Plata Negra"
"R1H1747ZOOI8ZV","Cliente Amazon","La verdad q es muy facil de plegar y es muy practica para hacer ejercicios , es lo q estaba buscando .","Revisado en España el 3 de octubre de 2022","Muy bien , me encanta es muy util .",5,"","8","Plata Negra"
"R1M3ITMRHD2TJS","Anna & Ignasi","La verdad que compramos una y se estropeó. A la semana siguiente el vendedor nos envió otra sin coste. Fue muy amable y muy eficiente. La máquina funciona muy bien y la recomiendo. És intuitiva, tiene seguridad y facil de montar aunque recomiendo buscarle un lugar fijo. No ocupa mucho espacio.","Revisado en España el 6 de agosto de 2022","Buena comunicació, fácil en su uso y intuitiva",5,"","10","Plata Negra"
"RCCVHZIV0XN53","Beatriz","Ha estado lloviendo recientemente. Mi preparador físico me recomendó comprar este producto. De esta manera puedo seguir haciendo ejercicio en casa. Para evitar que mi programa de fitness se vea interrumpido por el mal tiempo.Cómo usar este producto es muy simple. Puede ajustar libremente el método de ejercicio que más le convenga según sus propias preferencias. Al mismo tiempo, no hará ningún ruido y no afectará a los residentes de abajo.Con todo, este es un dispositivo decente. Puede ayudarte a ejercitarte mejor.","Revisado en España el 30 de mayo de 2022","Excelente relación calidad-precio",5,"",0,
"R3DXASIBMKJ616","Buick8","Cuando estoy en el trabajo, a menudo me siento en mi escritorio desde la mañana hasta la noche. Durante el examen físico reciente, el médico me dijo que tenía escoliosis leve y necesitaba reducir el tiempo sedentario y aumentar el ejercicio.Compré este producto. Es muy ligero, fácil de plegar y no ocupa espacio.Puedo usarlo para entrenamientos simples cuando estoy cansado del trabajo.Muy práctico.","Revisado en España el 14 de junio de 2022","Liviano y fácil de plegar",5,"","8",
"R31A6FTG93D3H4","Lidia","Me gusta todo de la máquina de correr...ha sido un acierto total está compra. Funciona genial, no hace casi ruido, se pliega fácil, relación calidad precio es muy buena. En definitiva estoy encantada","Revisado en España el 12 de agosto de 2022","Buena compra",5,"https://m.media-amazon.com/images/I/71B2J4TNZTL.jpg
https://m.media-amazon.com/images/I/71UcFMZo1vL.jpg","27","Plata Negra"
"R322J0SYEN6WWE","Fernando","GENIAL","Revisado en España el 5 de octubre de 2022","Muy buena cinta, contento con la compra",5,"","7","Plata Negra"
"R2X6709J0206NZ","Cliente Amazon","La superficie de carrera o andar tiene un tamaño suficientemente amplio y cómodo. Facil de guardar detras de cualquier puerta, o debajo de una cama , por lo bien y facilmente que se pliega. Las instrucciones en varios idiomas incluido el español. Llegó muy rápida y perfectamente embalada.","Revisado en España el 7 de julio de 2022","¡¡ IDEAL !!",5,"",1,"Plata Negra"
"RKUR2VZ2UK9H","Pep N.","Muy buena compra, estoy encantado. Funciona muy bien y el servicio técnico es muy bueno, les mandas un correo y te contestan con rapidez. Un 10 de compra!","Revisado en España el 8 de agosto de 2022","Compra de 10! Encantado con la cinta!",5,"https://m.media-amazon.com/images/I/71KhVphyWYL.jpg
https://m.media-amazon.com/images/I/71Y9AAumU5L.jpg
https://m.media-amazon.com/images/I/71oC6D-JCAL.jpg","21","Plata Negra"
"R1VNQZOSRTXCHC","Ales Sayar","Pocos vendedores como este o ninguno encontré nunca. Tube un problema y me dió la mejor solución posible y lo mas rápido que vi. El producto es de muy buena calidad y el servicio postventa es inmejorable. Recomiendo encarecidamente el producto y el vendedor. Si ven las valoraciones se daran cuenta de que todo les va a ir bien.","Revisado en España el 27 de abril de 2022","Tienen el mejor servicio postventa que encontré en mi vida",5,"","5","Plata Negra"
"R3O3L57M7MORNS","Cliente Amazon","Las ruedas difícil de manejar....lo demás muy bie","Revisado en España el 22 de agosto de 2022","Perfecta de momento",5,"","6","Plata Negra"
"R22ZBEPMLHP65R","daniel de luis salazar","Es un muy buen dispositivo de asistencia deportiva. Muy sencillo de usar. En casa lo estamos usando 3 adultos a diario y todo perfecto hasta ahora. No es ruidosa lo cual es genial.Estabamos buscando algo con lo que poder hacer ejercicio (en el caso de que la epidemia nos impida salir a hacerlo a la calle nuevamente) sin gastar mucho dinero y es perfecta.Si está buscando algo decente y a un precio razonable, esta es definitivamente una muy buena opción.Estamos muy felices con la compra.","Revisado en España el 16 de septiembre de 2021","La calidad es muy buena, por el precio lo recomiendo al 100%",5,"","19",
"R2P417FW5GSD4I","Julio","Tuve un problema  con la cinta y el vendedor fue muy amable","Revisado en España el 7 de julio de 2022","Tuve un problema  con la cinta y el vendedor fue muy amable",5,"","3","Plata Negra"
"R11A81AMCHFHGE","Silvia",,"Revisado en España el 8 de agosto de 2022","La cinta de correr es muy cómoda y funciona genial. El vendedor muy amable y resolutivo.",5,"https://m.media-amazon.com/images/I/614HO9yKe3L.jpg
https://m.media-amazon.com/images/I/61UWwJSW+wL.jpg","27","Plata Negra"
"R2PQ5E8QT5O4SC","Elena","La maquina funcionauy muy bien no mete nada de ruido y aunque venia un poco rallada el vendedor se ha portado muy bien y ha hecho una compensacion economica","Revisado en España el 11 de mayo de 2022","Bien pero rallada",5,"","7","Plata Negra"
"R1L4AL7L1PB4H8","Ana","funciona estupendamente, tiene potencia y velocidad y plegada cabe bajo mi cama. es perfecto.","Revisado en España el 28 de junio de 2022","recomiendo sin duda",5,"https://m.media-amazon.com/images/I/71DOE-pBn4L.jpg
https://m.media-amazon.com/images/I/71DcUTXjMVL.jpg
https://m.media-amazon.com/images/I/71FSmqOUZJL.jpg
https://m.media-amazon.com/images/I/71PxNxZup3L.jpg","29","Plata Negra"
"RGT0XF38REIL8","ClienteAmazon","Potente aparato y excelente servicio al cliente.","Revisado en España el 21 de julio de 2022","Gran producto y excelente servicio al cliente",5,"https://m.media-amazon.com/images/I/8170ZE9P45L.jpg","24","Plata Negra"
"RILPHQ4MBDA5M","Ark","Cinta bastante rígida y bastante buena!","Revisado en España el 21 de julio de 2022","Cinta rígida",5,"",1,"Plata Negra"
"RISCVKLWPNXJR","ivan vazquez","Buen producto para uso doméstico.","Revisado en España el 21 de julio de 2022","Muy útil cuando no puedes salir a la calle.",5,"https://m.media-amazon.com/images/I/611hMqaxcFL.jpg","21","Plata Negra"
"R1CXEBLM56WMKU","Leopoldo Ortiz Martinez","Lo compré para mis hijos y pueden hacer actividades deportivas en los días de lluvia (donde yo vivo llueve a menudo). El ejercicio adecuado es beneficioso para el desarrollo saludable de los niños.Relación calidad-precio extraordinaria. Lo más importante es su facilidad de uso y requiere muy poco espacio de almacenamiento.El vendedor también nos brinda un servicio inigualable","Revisado en España el 23 de septiembre de 2021","Ideal para hacer ejercicio en casa",5,"","17",
"R1LMLHGVR04VO5","me","No me gustó el producto ya que es endeble, lo he tratado de devolver pero las instrucciones no son para nada claras y amazon no es de ninguna ayuda","Revisado en España el 23 de enero de 2023","Instrucciones incompletas para devolucion",1,"",0,"Plata Negra"
"R2LZFGISJVAOS0","Guarinais","La tengo desde hace unas semanas. Buscaba una máquina para un uso básico en casa, sin tener que salir a correr por ahí ni ir al gym para eso. Con ésta tengo más que suficiente.La instalación es simplemente sacarla de la caja, apretar un par de tornillos y listo. Tiene unas rueditas para moverla una vez que está en el suelo.Tiene una app para el móvil, para así poder sincronizar datos, pero reconozco que no la utilicé todavía. Como digo, mi uso es básico: subirme a la cinta y correr unos 20 minutos. Con el mandito puedes subir la velocidad muy fácilmente (y sin saltos bruscos) y en la pantalla puedes ver datos como calorías quemadas, km o velocidad.Tiene hasta un máximo de 14km y yo creo que es más que suficiente (para mi uso, repito). Estuve el otro día corriendo a 10km y acabé sudando mogollón. También vale para andar, en caso de que no quieras correr, con una velocidad mínima creo que de 1km.El mantenimiento es simplemente echar un poco de aceite cada varios meses, según pone el manual. Hace un poquito de ruido al correr, pero me parece un detalle que para nada empaña el buen rendimiento que me está dando.En resumen, muy contento con el producto. Habrá que ver lo que dura pero por ahora me da lo que quería. La recomiendo!","Revisado en España el 17 de agosto de 2022","Me gusta mucho la cinta",5,"https://m.media-amazon.com/images/I/61-IoaEe0mL.jpg
https://m.media-amazon.com/images/I/71RHYTZM1LL.jpg
https://m.media-amazon.com/images/I/71zRZAuYveL.jpg",1,"Plata Negra"
"R2IMJPB6NBWLJ5","Utophia"," ➡️ Ha sido un regalo de mi chica y me he decido hacer la reseña para que conozcáis la cinta y lo bien que va.📦Deciros que la máquina viene montada y no hace falta montar ninguna pieza. Simplemente desembalar, levantar el marcó que trae y apretar con la llave Allen.📦En la caja también trae unas instrucciones, la llave Allen y un botecito para engrasar. Además de su mando a distancia.🔸️Yo llevaba mucho tiempo detras de una máquina de correr, pues en invierno después de llegar del trabajo no apetece nada salir a correr.🔹️Y la verdad que esta cinta cumpleaños todas mis expectativas. Es potente, con un rango bastante amplio de velocidad y muy silenciosa.🔸️Es importante que sea silenciosa, para no molestar a nadie mientras hago ejercicio. Tiene de velocidad hasta un nivel 14 y deciros que yo en el 8 ya voy más que bien.🔹️En el display también tiene kms hechos, velocidad,  tiempo de ejercicio y calorías consumidas. Más que de sobra para mi.🔸️La cinta plegada prácticamente no ocupa más de 12 cm y coge perfectamente debajo de un sillón o una cama.  ❕️❕️❕️Conclusión 🤔 ❕️❕️❕️Una cinta de correr compacta, con bastantes niveles de velocidad y muy silenciosa. Con amortiguacion en la propia cinta para hacer más cómodo el deporte.  Con un mando a distancia para controlarla. Y un display muy fácil de manejar. Estoy muy contento con la compra.🏁Espero haberte sido de ayuda con mi reseña de esta cinta de andar. Que la verdad no ocupa nada y me estoy muy contento con ella.La volvería a comprar.Un saludo 👋, hacer deporte para sentiros bien y ser muy felices 😊..","Revisado en España el 9 de julio de 2022","🏍 Potente y muy fácil de manejar 👍",5,"https://m.media-amazon.com/images/I/711PG2Pm+OL.jpg
https://m.media-amazon.com/images/I/712hA43rCQL.jpg
https://m.media-amazon.com/images/I/7148Pa0I-LL.jpg
https://m.media-amazon.com/images/I/716DgLkrUlL.jpg
https://m.media-amazon.com/images/I/71NR8Z-d-WL.jpg
https://m.media-amazon.com/images/I/71jXzLE4LOL.jpg
https://m.media-amazon.com/images/I/71o7jH2AbuL.jpg","62","Plata Negra"
"R1ZXZJHQ0Z6CN7","Cliente","Relación Calidad/Precio, Inmejorable.","Revisado en España el 2 de septiembre de 2022","Muy bien!!!!",5,"",0,"Plata Negra"
"R1J1MKNOD9ZPAJ","Xarli Monty","Cinta de correr, que ya viene montada.Silenciosa y gran superfície de cinta.Ocupa poco espacio.Perfecta para caminar o correr.Excelente relación calidad/precio.Muy contento con la compra","Revisado en España el 29 de junio de 2022","Excelente relación calidad/precio",5,"","5","Plata Negra"
"R3PY3GNGX99W89","ANTONIO","Es una cinta de correr perfecto para usó en la casa.las medidas están perfectos y cumple sus expectativas de la función, también es fácil de cerrar para almacenarlo como debajo de la cama. Lo uso para caminar y correr un poco, tiene varios funciones,puede ajustar en modo automático,o sino en Manualmente ajustar su velocidad,con el soporte podemos poner una tablet y no nos aburrimos.es perfecto para uso diario.Excelente relación precios y la calidad","Revisado en España el 13 de junio de 2022","Tamaño ideal para casa",5,"","2","Plata Negra"
"R2Z7J6V4FGWNGZ","Ana M.","Por el dinero que pagué, esta es una buena ayuda para hacer ejercicio. A la semana de usarlo, no tuve ningún problema.El producto estaba bien embalado, entregado a tiempo, ligero, fácil de usar y el ruido era aceptable.Lo más importante es que tiene un período de servicio de garantía de 2 años. Esa es una duración decente de la garantía.Es una compra que vale la pena si buscas mejorar tu salud haciendo ejercicio en tu propia casa.","Revisado en España el 29 de junio de 2022","Excelente producto, cómpralo",5,"",0,
"R26MRI07J3684A","Isabel"," Contenta la usaré para bajar grasa jjjj.","Revisado en España el 19 de diciembre de 2022","Buena cinta.",5,"",0,"Plata Negra"
"RS9CRAKR48XWJ","Sara","Esto es un regalo para mi novia. A ella le gusta mucho hacer ejercicios en casa.Mi novia es una fanática del fitness. Debido a la pandemia, no quiere ir al gimnasio a hacer ejercicio. Este producto al ser pequeño, es perfecto para que lo usen en casa o en cualquier otro lugar con espacio reducido.Fácil de plegar y almacenar, básicamente no ocupa espacio.","Revisado en España el 15 de enero de 2022","Muy buen regalo",5,"",0,
"R1BAI30RZPF59K","Paula","La tengo 3 meses y estoy encantada. Fácil de plegar y va genial","Revisado en España el 4 de diciembre de 2022","La mejor compra",5,"",0,"Plata Negra"
"R2HJ2UIMF5Y7RO","Client d'Amazon","J'utilise le tapis une heure par jour en marche rapide. Je suis vraiment satisfaite, j'ai eu un problème au bout un mois et demi avec le moteur, j'ai contacté l'équipe de support et j'ai reçu un nouveau tapis rapidement dans les jours qui ont suivi sans aucuns frais.","Revisado en Francia el 27 de enero de 2023","Très bon rapport qualité, je l'utilise une heure par jour pour une marche rapide.",5,"",0,"Plata Negra"
"R1ISOH3CNA9OQI","Madi K","Bonjour,Ce produit EST EXCELLENT, pas du tout encombrant, esthétique, très silencieux, il fonctionne PARFAITEMENT, très efficace, les effets se font ressentir physiquement en marche rapide d'1h, très facile à déployer, le service client est parfait et réactif , il vous épaule et vous donne des conseils d'utilisation aussi bien techniques que sur le rappel de l'activation de la garantie de 2 ans","Revisado en Francia el 30 de diciembre de 2022","EXCELLENT PRODUIT",5,"",0,"Plata Negra"
"R3O41MS16J17C6","Juliet","A peine reçu (livraison très rapide) déjà utilisé. Le montage se fait en 5mns et la prise en main est extrêmement rapide. Le design est sobre mais efficace, il ne m'en fallait pas plus. Assise derrière un bureau toute la journée, ce tapis me permet de retrouver une activité saine sans peiner et tout en me distrayant puisque je peux regarder mes séries grâce au support tablette intégré, on ne voit pas le temps passer ! Une demi heure de marche hier soir et ce matin je ressens déjà les effets ( légère douleur au dessus des cuisses et les fesses). Bref je suis totalement satisfaite d'autant que je trouve ce tapis silencieux et que l'investissement n'est pas exagéré.","Revisado en Francia el 20 de diciembre de 2022","Un bonheur",5,"","7","Plata Negra"
"RGEE58823XR78","Alain Brenot","Après un premier essai, je suis satisfait du tapis de course, peu encombrant et facile à utiliser.Je pensais qu'il y avait 4 roulettes, mais il n'y en a que deux qui ne sont pas directionnelles, pas facile pour moi à glisser sous le lit.","Revisado en Francia el 5 de enero de 2023","Bon rapport qualité prix",5,"",0,"Plata Negra"
"R2JF5TL778NY1V","Busson","Un petit soucis du à un défaut de fabrication,  mais Amazon et le vendeur sont à l'écoute et au top pour résoudre le problème.  Merci amazon et le vendeur.","Revisado en Francia el 7 de enero de 2023","Amazon et vendeur au top",5,"https://m.media-amazon.com/images/I/91Gb6Yy2e9L.jpg",0,"Plata Negra"
"R2WDS1H0KW4YWI","mic. Stval","permet de faire du sport à l'abri de la pluie, du vent , du soleil et permet de de tout contrôler , le temps, les efforts, les calories consommer et avec de la musique si on veut !","Revisado en Francia el 27 de diciembre de 2022","superbe appareil",5,"",0,"Plata Negra"
"RZ0WLLSG02KF7","Coucou","Ne fait pas beaucoup de bruit et peut se ranger sous le lit ou sous certains canapés quand plié, possède un aimant de sécurité en cas de chute, pas le moins cher mais qualitatif","Revisado en Francia el 28 de diciembre de 2022","Agréablement surpris",5,"",0,"Plata Negra"
"R196L7Y0DAVW6J","Marco","Il prodotto è arrivato più velocemente di quanto mi aspettassi, la qualità è ottima e il design è bellissimo. Quando l'ho acquistato ho confrontato molti prodotti consigliati, all'inizio ero un po' preoccupato che non fosse il materiale che volevo... Ora mi alleno per circa mezz'ora ogni giorno e posso guardare la TV mentre mi alleno . È davvero comodo da usare a casa senza preoccuparsi di disturbare i vicini. L'operazione è molto semplice e anche la conservazione è molto comoda.","Revisado en Italia el 25 de junio de 2022","Buon prodotto, lo consiglierei",5,"",0,
"R38T3V028271PW","Jules","Produit conforme à la descriptionJe recommande !","Revisado en Francia el 15 de diciembre de 2022","Tapis de course au top",5,"",1,"Plata Negra"
"R1YYZHH0HS3BQG","Laurentdu69","Vu la taille de ce tapis, il ne prend pas trop de place, et son prix en date du 4 aout était à 339 € chez un autre vendeur.Que dire au bout d'un mois avec une utilisation de 6/7 jours.Poids : 110 kgtaille : 1,86 mJ'utilise le programme d'une durée de 45mn (brûleur de graisses) .Ce tapis est adapté pour courir à 9 km/h. (voir le programme brûleur de graisse)Bien serrer tout ce qui est barre verticale et support tablette.Pour moi, il est impossible de faire tenir une tablette/smartphone sur ce support- trop instable.En l'utilisant 6/7 jours, il faut prévoir de l'Huile de Silicone pour Tapis de Marche proposée à la vente en plus du tapis.le plus: Facilité de montage- encombrement- le plateau doit être résistant vu mon gabarit.le moins: le support tablette/smartphoneJe recommande cet article.","Revisado en Francia el 7 de septiembre de 2022","Tapis de course  peu encombrant",5,"","15","Plata Negra"
"R11BFDNGMFD3AB","VéBé","Sitôt réceptionné sitôt utilisé ! La livraison fut très rapide (4 jours) et l’emballage extérieur/intérieur extrêmement soigné.Le montage est très simple à effectuer, le tapis est très maniable bien que légèrement lourd mais avec une bonne prise, il devient tres maniable et se range facilement à l’endroit désiré. Le design est épuré et ne prend guère de place, ce qui est non négligeable. Télécommande fonctionnelle et de bonne dimension. J’ai essayé toutes les vitesses graduellement, et la bonne surprise est que ce tapis est super silencieux !Ne pas oublier de poser le cordon rouge sécuritaire avant tout exercice sinon code E07 et non fonctionnement !En résumé ce tapis de course est un très bon investissement, de très bonne qualité, je suis hyper contente !","Revisado en Francia el 16 de septiembre de 2022","Juste parfait !",5,"https://m.media-amazon.com/images/I/61c6VzRi6fL.jpg
https://m.media-amazon.com/images/I/71eGs9Y6zkL.jpg","14","Plata Negra"
"R16BME46K510A0","Client d'Amazon","Super produit idéal pour faire du sport chez soi en écoutant de la musique ou regarde la tv","Revisado en Francia el 29 de noviembre de 2022","Super",5,"https://m.media-amazon.com/images/I/61IgTHD4c4L.jpg
https://m.media-amazon.com/images/I/61a5wL177JL.jpg","8","Plata Negra"
"R36RVIVL4F0WHZ","Jean","Produit utilisé pour l'instant pour de la marche rapide.Malgré quelques grincements l'appareil est confortable, étonnamment silencieux.La taille est idéale pour moi (165cm).Le tableau de bord est magnifique, le Bluetooth fonctionne bien et le suppôt tablette très pratique.La télécommande est dans mon cas inutile mais elle à le mérite d'être fournie avec.Produit très complet pour le prix.A voir dans le temps.","Revisado en Francia el 7 de octubre de 2022","Fonctionnel, silencieux, design, complet.",5,"https://m.media-amazon.com/images/I/615oAl1+DjL.jpg","10","Plata Negra"
"R9KVDV0Q2HQ69","daniele","Il prodotto ha soddisfatto le mie aspettative ed è andato anche oltre. Il design e il materiale sono buoni, le istruzioni sono dettagliate e sembrano professionali. Ottimo anche il servizio del venditore nella risoluzione dei problemi.","Revisado en Italia el 30 de junio de 2022","Primo acquista…qualità buona",5,"",0,
"R2GX2Q4FBS4JZK","selsert"," Reçu rapidement, très bien emballer, facile à installer et pratique à utiliser, facile à déplacer, on peut mettre une tablette ou un smartphone sur le socle, la  télécommande est un plus ,moi qui ne suis pas sportif je l utilise en marche rapide tous les matins et soirs et ça fait bien transpirer, quand mon mari court ça fait beaucoup de bruit heureusement que on est pas en appartement","Revisado en Francia el 18 de noviembre de 2022","Peu incombant",5,"","9","Plata Negra"
"R2ZCUWBK6E0JE9","sivie","Parfait","Revisado en Francia el 15 de noviembre de 2022","tapis",5,"","3","Plata Negra"
"RFYHH0953OKT2","Alberto","Di buona qualità, adatto per l'esercizio a casa.Il prodotto è arrivato velocemente, lo uso da mezz'ora senza alcun problema finora. Coerente con la descrizione dell'immagine, è quello che mi aspettavo.","Revisado en Italia el 14 de mayo de 2022","Bande elastiche per esercizi",5,"",0,
"ROFO1XZ62F8B5","SM","I received the product 3 days after placing the order on Amazon. Logistics is very fast.The color and the line of the product are very smooth . I can no longer to worry about the rain and not being able to go out to exercise. Use it to exercise at home and feel better.I use it every day for about 30 minutes of training and it has a very good effect on my knee rehabilitation.The seller's after-sales service is also great. Recommend everyone to buy.","Revisado en Reino Unido el 15 de junio de 2022","Great product!",5,"","4",
"R20IU4ZFMV5SZM","Franc G","Die Qualität ist besser als ich erwartet hatte und es ist definitiv den Preis wert. Ich kann es jeden Tag verwenden, um zu Hause zu trainieren und etwas Freizeit zu verbringen. Geeignet für die meisten Fitnessbegeisterten.Die Logistiklieferung war schnell und sie wurden an die Tür geliefert.","Revisado en Alemania el 4 de julio de 2022","Sehr gutes Sportgerät",5,"",0,
"R2Y0FKVXKUU4WE","Satwinder kaur","For the money I paid, this is a good exercise aid. Within a week of using it, I had no issues.The product was well packaged, delivered on time, light, easy to use, and the noise was acceptable.The most important thing is that it has a 2-year warranty service period. That's a decent length of warranty.It's a worthwhile purchase if you're looking to improve your health by exercising in your own home.","Revisado en Reino Unido el 27 de junio de 2022","Excellent product，buy it",5,"","5",
"R1U14WCRG6RF1M","nanouche","Très bon produit","Revisado en Francia el 10 de octubre de 2022","Très bon produit",5,"","2","Plata Negra"
"RLXLLDDTHH6RN","Marine.C","La livraison du produit a été très rapide. Le livreur m'a contacté avant la livraison pour me dire qu'il arrivait, ce qui est génial.Le produit est facile à plier et à ranger donc un gain d'espace, ce qui en fait un excellent choix pour ceux qui vivent dans de petits appartements.L'apparence est simple et lisse, avec un design unique.Après quelques jours d'utilisation, je trouve que la qualité est bonne.","Revisado en Francia el 25 de mayo de 2022","haute qualité",5,"","9",
"R1GJE467OXXO80","LIM","L’investissement dans cette très belle machine, puissante, silencieuse et vraiment confortable a été fait après une mûre réflexion.C’est un fameux gain de temps aussi, de posséder ce matériel quand vous avez un timing serré, ou simplement envie de vous entrainer chez vous par n’importe quel temps. C’est un investissement certes conséquent, mais autofinancé en moins d’un an par l’arrêt de la cigarette dans mon cas. Pas besoin d’abonnement en salle de fitness, toute la famille peut également en profiter.J'ai choisi cette machine en fonction de mon poids et de ma taille afin de pouvoir m'exercer en toute liberté de mouvement et en toute sécurité.Pour les cinéphiles, vous pouvez même regarder des films tout en faisant de l'exercice.J’ai toujours eu une réponse à mes questions et ils ont toujours apporté une solution avec une écoute attentive et le sens du service, le Professionnalisme.","Revisado en Francia el 26 de julio de 2021","vaut la peine d'acheter",5,"","126",
"R2FKK3FWCDLV22","eroghia","J'aimé beaucoup la service après vent pour l'intervention rapide et efficace.","Revisado en Francia el 2 de septiembre de 2022","Service après vent",5,"","4","Plata Negra"
"R12YO9DG3H2A9Z","Client d'Amazon","Pour etre en formePratique peu emcombrant","Revisado en Francia el 11 de septiembre de 2022","Pratique.Performant.Pas encombrant",5,"","9","Plata Negra"
"R2OVB7TQQBKKUD","Braden Lawyer","Great resistance bands!I wasn't sure what to expect ordering something like this online. What I got was really good quality and exactly what I was looking for. Really easy to use also. Anyone could use it. It also doesn't take up very much space, I definitely recommend this, especially if you've become sedentary!","Revisado en los Estados Unidos el 23 de febrero de 2022","Works great!",5,"",0,
"R3VA823A60HF71","Client d'Amazon","Je recommande vivement ce produit, il est parfait pour la marche comme pour la course. Le montage est facile et il ne prend pas beaucoup de place ! Niveau bruit c'est parfaitJe suis contente de mon achat","Revisado en Francia el 3 de mayo de 2022","Top",5,"https://m.media-amazon.com/images/I/712D0pyfQJL.jpg","48","Plata Negra"
"R3U8QV2Y59ZJ7E","blandine leplat","Je m'en sert pour la marche uniquement pour le moment.  C'est fluide et facile...","Revisado en Francia el 7 de julio de 2022","Super",5,"","9","Plata Negra"
"R6PG85CSTDRSJ","Clamabene","J’ai acheté ce tapis de marche pour faire du ré-entrainement à l’effort suite à une longue immobilisation","Revisado en Francia el 21 de junio de 2022","Très bon produit",5,"","6","Plata Negra"
"RU7CAD91UI4JW","Pumette ","Je n’arrive plus à visser/dévisser le vis gauche pour régler 😭Si quelqu’un a une solution je suis preneuse","Revisado en Francia el 22 de enero de 2023","Bin voilà HS",1,"",0,"Plata Negra"
"RIOZFSBO1CQ7M","cecile camus"," Super article mais comment fait on pause ?Pourquoi alors que je n’avance plus sur le tapis il continue de compter les calories? Sinon génial je m éclate avec tout les jours !","Revisado en Francia el 3 de abril de 2022","Top !",5,"https://m.media-amazon.com/images/I/71erHM25e+L.jpg","50","Plata Negra"
"R1083LG6FLFHC1","Francesco D'Astolfo","L'aspetto del prodotto è lo stesso dell'immagine, il design è molto buono e anche la qualità è molto buona. Prima dell'acquisto, ho studiato attentamente la descrizione della pagina e l'ho considerata per qualche giorno. È molto difficile per me scegliere, perché ce n'è un altro che penso sia anche buono. Alla fine ho scelto questo, la consegna di Amazon è più affidabile, quindi non devo preoccuparmi troppo. Si scopre che avevo ragione. L'ho usato per alcuni giorni senza problemi.","Revisado en Italia el 31 de julio de 2021","Buon acquisto",5,"","26",
"R1HG27PKQK6I0D","Ludovic","Le produit a un faible niveau sonore et est facile à ranger, adapté à toute la famille.Dans le processus d'utilisation, j'ai rencontré quelques problèmes. Je demande activement au personnel du service client, ils sont très patients pour m'aider à résoudre le problème.Je recommande ce produit à tout le monde.","Revisado en Francia el 9 de octubre de 2021","Très bon service",5,"","115",
"R1YVKK0M7CA55T","Gerry","Super für das tägliche TrainingGut und sicher verpackt und die Lieferung ist schneller als erwartet!Ich habe es schon ein paar Stunden lang ausprobiert und es ist alles in Ordnung, eine tolle Trainingsunterstützung für mich.Das Design gefällt mir, die Qualität ist auch gut. Bis jetzt gibt es nichts zu beanstanden.","Revisado en Alemania el 18 de septiembre de 2021","Tolles Equipment / Preis - Leistung top",5,"","16",
"RTFJ065N2N1Z4","Christophe L.","Le kit comprend 5 bandes de couleurs et de résistances différentes et un manuel avec des exercices.Honnêtement, je me suis sur-estimé en utilisant directement la noire qui est la plus forte…. C’est creuvant! Je vais commencer par la verte. Les bandes semblent très résistantes.","Revisado en Francia el 19 de septiembre de 2021","Toutes les tailles de résistance!",5,"","96",
"R2FD6DWFOLLF7G","Giuseppe","Il prodotto è proprio quello di cui avevo bisogno, di buona qualità come raffigurato. Si sente bene dopo averlo usato un paio di volte, e il prezzo è un ottimo affare. spero che possa durare a lungo.","Revisado en Italia el 16 de septiembre de 2021","Per l’allenamento quotidiano",5,"","2",
"R66H5PN2X9G7P","Vincenzo M."," Buon prodotto❤️OTTIMO VENDITORE❤️Arrivato rapidamente, l'adempimento di Amazon è affidabile. Buon pacchetto, tutto ok. Perfetto per l'allenamento quotidiano, l'ho usato tutti i giorni per qualche ora, per tenermi in forma. È un ottimo affare, per il prezzo e le caratteristiche.","Revisado en Italia el 26 de julio de 2021","OTTIMO VENDITORE",5,"https://m.media-amazon.com/images/I/71CyewAslRL.jpg","25",
"R36PW4IGGB4G7D","ALESSANDRO CIPRIANI","Prodotto ottimo , ottimo materiale. Lo consiglio per un allenamento al top.","Revisado en Italia el 12 de enero de 2022","Ottimo",5,"",0,