"id","profileName","text","date","title","rating","images","helpful","Color"
"R20CNPAZ472I6D","Óscar Rodríguez","Buena calidad precio. El esfuerzo requerido para realizar una sesión es muy superior al realizado en campo, por lo ayuda a optimizar el tiempo empleado.","Revisado en España el 10 de enero de 2023","Buena calidad-precio",4,"",0,"Negro"
"R1Q41VD9FZNTF9","Elisabeth","Cinta de muy buena calidad, de fácil manejo. Muy versátil, plegable. Muy contenta con la compra, volvería a comprarla sin duda alguna.","Revisado en España el 10 de enero de 2023","Espectacular!!!",5,"https://m.media-amazon.com/images/I/61jK30YnFKL.jpg
https://m.media-amazon.com/images/I/71+zHbuuVYL.jpg
https://m.media-amazon.com/images/I/71119LsmSTL.jpg",0,"Negro"
"R67CKAEM5AQHY","Edgar Jimenez G","Estoy encantado con la cinta, fácil de montar con instrucciones en diferentes idiomas e imágenes sencillas que facilitan su montaje, se pliega muy fácil y con muy poco esfuerzo al igual que al desplegarla ya que tiene mecanismo de plegado compuesto por un hidráulico que con solo presionar ya realiza su trabajo.Aunque tengo poco tiempo con ella, la uso todos los días por espacio de una hora y va muy bien.","Revisado en España el 16 de diciembre de 2022","Facil de montar, plegable y su uso es muy sencillo",5,"https://m.media-amazon.com/images/I/611dzOZEklL.jpg
https://m.media-amazon.com/images/I/61KhIp-4mZL.jpg
https://m.media-amazon.com/images/I/61N7fZXe2ZL.jpg
https://m.media-amazon.com/images/I/71ZKvIMEwhL.jpg","8","Negro"
"R2N4ICALC9T1PF","Marc","Llevo algo mas de un mes utilizando la cinta y estamos realmente contentos con ella, al principio hacia un poco de ruido, pero la hemos engrasado bien y ya no hace nada de nada. Aguanta bien el peso y amortigua la pisada, peso 140kg y no he tenido ningun problema con ella!","Revisado en España el 20 de diciembre de 2022","Facilidad en el montaje",5,"https://m.media-amazon.com/images/I/61o8BsKYs5L.jpg
https://m.media-amazon.com/images/I/71iBElp8V-L.jpg","10","Negro"
"R2DOTVYOU11A7","MARTINTXO","Estoy muy contento con la cinta. Camino todos los dias media hora a 5km/h y  no se calienta.Buena anchura de piso para caminar.El plegado facil y nada costoso sobre todo la bajada de la cinta por el hidraulico que lo realiza.El personal atiende de forma rapida a todas las preguntas o dudas.Recomiendo su compra.","Revisado en España el 19 de noviembre de 2022","ESTUPENDA CINTA DE CORRER",5,"https://m.media-amazon.com/images/I/61NHphIP1EL.jpg
https://m.media-amazon.com/images/I/61i9vmb9X1L.jpg","9","Negro"
"R33BAZ1FC6RUMG","Inma","Nos ha encantado! Es muy silenciosa y amortigua muy bien cuando corres. Al plegarla ocupa muy poco espacio. Recomendable!","Revisado en España el 13 de diciembre de 2022","Excelente y cómoda de plegar",5,"https://m.media-amazon.com/images/I/71Mt-K2SfOL.jpg","2","Negro"
"R1VPROYRUI721T","Dunia llanes"," Compre la cinta para los días que no pueda ir al gym, y de verdad me ha sorprendido la calidad del producto y lo fácil de montar. Ya la probé y va genial. Sin duda la volvería a comprar!!!","Revisado en España el 2 de diciembre de 2022","Buena calidad del producto",5,"https://m.media-amazon.com/images/I/71UA-Q5CUcL.jpg
https://m.media-amazon.com/images/I/71rMR25wgeL.jpg","9","Negro"
"R7D6P8W2LNO12","Toni AF","Se ha convertido en elemento indispensable en mi rutina de ejercicio. Se pliega muy suave y sencillo. La cinta casi no hace ruido y llega a altas velocidades con una rampa que te hace sudar.Recomiendo la compra si buscas una cinta para correr y que ocupe poco espacio en casa.","Revisado en España el 2 de noviembre de 2022","Muy contento con la compra",5,"https://m.media-amazon.com/images/I/71a6k0NN8GL.jpg","13","Negro"
"R3I2J8EH8WX5T","Pedro","Es un producto que he estado buscando hace tiempo, y ninguno me ha convencido como éste.Manejo sencillo, silenciosa, potente etc... No me arrepiento de haberla adquirido. La recomiendo.","Revisado en España el 14 de noviembre de 2022","La sencillez de manejo",5,"https://m.media-amazon.com/images/I/71dtm+Q-B1L.jpg
https://m.media-amazon.com/images/I/71yWCD0gtCL.jpg","7","Negro"
"R30DWEP9TGD1Y9","Josebe ","Cinta cómoda para correr o caminar y con suficiente anchura y largura. No hace ruido y fácil de plegar.","Revisado en España el 15 de noviembre de 2022","Cinta muy fácil de usar y silenciosa.",5,"https://m.media-amazon.com/images/I/61YqymNTXOL.jpg
https://m.media-amazon.com/images/I/71IkEjzekzL.jpg","6","Negro"
"R1XNSEDRIN0SOI","santiago barros portas","He estado usando este producto por un tiempo. El diseño del producto está en línea con mi estética. No hace mucho ruido al hacer ejercicio. Es fácil de plegar y guardar. Hacer ejercicio durante este tiempo me ha hecho sentir más activo físicamente.Es una muy buena opción para las personas que no quieren salir a hacer ejercicio. Recomiendo a todos a comprar.","Revisado en España el 25 de septiembre de 2022","Buen producto deportivo",5,"","4",
"R1Q2O90GC0KDUR","Sergio","Muy contenta con la compra ,cinta de calidad y muy estable.Recomendable totalmente.","Revisado en España el 3 de noviembre de 2022","Cinta de calidad y muy estable",5,"https://m.media-amazon.com/images/I/61PjpAmjB7L.jpg
https://m.media-amazon.com/images/I/61pdT9wu-+L.jpg","11","Negro"
"R2HTVQ05TYNF9A","Leopoldo Ortiz Martinez","En primer lugar, el servicio de logística me dejó muy satisfecho y lo recibí muy rápido.El producto también es muy bueno. No me gusta ir al gimnasio. Con él, puedo hacer ejercicio en casa sin ocupar mucho espacio.Finalmente, también brinda servicio posventa con un período de servicio de garantía de dos años, lo que me puede dar más tranquilidad.","Revisado en España el 19 de agosto de 2022","Muy buena calidad",5,"","2",
"RAO9FOBPA0MCW","Alex_MLG","Estar mucho tiempo sentado en la oficina me provoca molestias en la espalda, por lo que elegí este producto para ejercitar mi cuerpo. Lo he estado usando durante una semana, y ya estoy sintiendo algunos efectos positivos. Continuaré usándolo. Además, estoy muy satisfecho con el servicio postventa del vendedor y respondió pacientemente a mis dudas sobre cómo usar este producto.","Revisado en España el 18 de agosto de 2022","Gran producto y servicio",5,"","5",
"R2R5X92HHL5JO6","Tom","Être assis pendant une longue période provoque une certaine gêne pour la colonne vertébrale, j'ai donc choisi ce produit pour exercer mon corps. Je l'utilise depuis une semaine, et je ressens quelques effets. Je vais continuer à l'utiliser. De plus, je suis très satisfait du SAV du vendeur et j'ai patiemment répondu à mes doutes sur l'utilisation de ce produit．","Revisado en Francia el 6 de septiembre de 2022","Idéal pour faire de l'exercice",5,"","2",
"R2JSFM3FN1FX8M","Alessandra","Ottimo per l'allenamento quotidiano,Ben confezionato e la consegna è stata più veloce del previsto! L'ho usato per alcune ore dopo averlo ricevuto senza alcun problema. Ottimo per fare esercizio mentre si riposa a casa, che è molto importante.Ottimo il design, la qualità è ottima e il rapporto qualità-prezzo. Soprattutto, è facile da usare e occupa pochissimo spazio per stivarlo.Il servizio del venditore è stato professionale e ha risposto ad alcune delle mie domande.","Revisado en Italia el 26 de agosto de 2022","Il top",5,"",1,
"R2LW1FQURIT2QP","David","La livraison du produit est très rapide. Gain de place, très bonne qualité des matériaux.De plus, le prix m'a vraiment surpris et j'ai déjà commencé à recommander ce produit à mes amis. Parfait pour une séance d'entraînement après le travail !Merci","Revisado en Francia el 10 de agosto de 2022","Super pour rester en bonne santé",5,"","3",
"R29NOXBR34GBUT","vincenzo","Il prodotto fa quello che deve, costo giusto, fasce elastiche non sono per niente ingombranti, EC hanno la giusta elasticità","Revisado en Italia el 22 de septiembre de 2022","Ottime",5,"",1,
"R399SKSGJ1JHYQ","giuseppe dauccia","Prodotto ricevuto rapidamente. Come previsto, è di buona qualità e ha un buon rapporto qualità-prezzo. Prova semplice per pochi minuti, per ora nessun problema, l'operazione è molto semplice. È adatto a una persona per allenarsi a casa e fare un uso efficace del tempo libero.","Revisado en Italia el 1 de agosto de 2022","Il prodotto è buono",5,"",1,
"R2QPTMDB38IC96","Andrea","Ottimo prodotto, molto comodo da utilizzare","Revisado en Italia el 26 de agosto de 2022","Ottimo prodotto",5,"",0,